Filename,Author,Gender,Title,Date,URL,URL(text-only)
neh-johnstone-johnstone.xml,Abraham  Johnstone,m,"The Address of Abraham Johnstone, a Black Man, Who Was Hanged at Woodbury, in the County of Glocester, and State of New Jersey, on Saturday the the [sic]  8th Day of July Last; to the People of Colour. To Which Is Added His Dying Confession or Declaration. Also, a Copy of a Letter to His Wife, Written the Day Previous to His Execution",1797,http://docsouth.unc.edu/neh/johnstone/menu.html,http://docsouth.unc.edu/full-text/na-slave-narratives/data/texts/neh-johnstone-johnstone.txt
neh-meachum-meachum.xml,John B. Meachum,m,An Address to All the Colored Citizens of the United States,1846,http://docsouth.unc.edu/neh/meachum/menu.html,http://docsouth.unc.edu/full-text/na-slave-narratives/data/texts/neh-meachum-meachum.txt
neh-johnsontl-johnsontl.xml,Thomas L. Johnson,m,Africa for Christ. Twenty-Eight Years a Slave,1892,http://docsouth.unc.edu/neh/johnsontl/menu.html,http://docsouth.unc.edu/full-text/na-slave-narratives/data/texts/neh-johnsontl-johnsontl.txt
neh-white-white.xml,William S. White,m,The African Preacher. An Authentic Narrative,1849,http://docsouth.unc.edu/neh/white/menu.html,http://docsouth.unc.edu/full-text/na-slave-narratives/data/texts/neh-white-white.txt
neh-brown55-brown55.xml,William Wells Brown,m,The American Fugitive in Europe. Sketches of Places and People Abroad,1855,http://docsouth.unc.edu/neh/brown55/menu.html,http://docsouth.unc.edu/full-text/na-slave-narratives/data/texts/neh-brown55-brown55.txt
neh-weld-weld.xml,Theodore Dwight Weld,m,American Slavery As It Is: Testimony of a Thousand Witnesses,1839,http://docsouth.unc.edu/neh/weld/menu.html,http://docsouth.unc.edu/full-text/na-slave-narratives/data/texts/neh-weld-weld.txt
neh-andersrob-andersrob.xml,Robert  Anderson,m,"The Anderson Surpriser. Written After He Was Seventy-Five Years of Age. The Author Was Born in Liberty County, Ga., on the 22d Day of February, in the Year of Our Lord, 1819, and United with the Methodist Episcopal Church in the Year 1839. This Book Contains an Account of His Florida and Northern Trip, Written by Himself, Giving Much Valuable Information of the People Among Whom He Had Been Several Months",1895,http://docsouth.unc.edu/neh/andersrob/menu.html,http://docsouth.unc.edu/full-text/na-slave-narratives/data/texts/neh-andersrob-andersrob.txt
neh-boen-boen.xml,  No Author,m,"Anecdotes and Memoirs of William Boen, a Coloured Man, Who Lived and Died Near Mount Holly, New Jersey. To which is Added, the Testimony of Friends of Mount Holly Monthly Meeting Concerning Him",1834,http://docsouth.unc.edu/neh/boen/menu.html,http://docsouth.unc.edu/full-text/na-slave-narratives/data/texts/neh-boen-boen.txt
neh-stevens-stevens.xml,Charles Emery Stevens,m,Anthony Burns: A History,1856,http://docsouth.unc.edu/neh/stevens/menu.html,http://docsouth.unc.edu/full-text/na-slave-narratives/data/texts/neh-stevens-stevens.txt
neh-robinsonn-robinson.xml,Nina Hill Robinson,f,Aunt Dice: The Story of a Faithful Slave,1897,http://docsouth.unc.edu/neh/robinsonn/menu.html,http://docsouth.unc.edu/full-text/na-slave-narratives/data/texts/neh-robinsonn-robinson.txt
neh-auntjudy-auntjudy.xml,Matilda G. Thompson,f,Aunt Judy's Story: A Tale From Real Life. Written for the Pennsylvania Anti-Slavery Fair,1855,http://docsouth.unc.edu/neh/auntjudy/menu.html,http://docsouth.unc.edu/full-text/na-slave-narratives/data/texts/neh-auntjudy-auntjudy.txt
neh-sally-sally.xml,Isaac  Williams,m,"Aunt Sally: or, The Cross the Way of Freedom. A Narrative of the Slave-life and Purchase of the Mother of Rev. Isaac Williams of Detroit, Michigan",1858,http://docsouth.unc.edu/neh/sally/menu.html,http://docsouth.unc.edu/full-text/na-slave-narratives/data/texts/neh-sally-sally.txt
neh-jamison-jamison.xml,M. F. Jamison,m,"Autobiography and Work of Bishop M. F. Jamison, D.D. (""Uncle Joe"") Editor, Publisher, and Church Extension Secretary; a Narration of His Whole Career from the Cradle to the Bishopric of the Colored M. E. Church in America",1912,http://docsouth.unc.edu/neh/jamison/menu.html,http://docsouth.unc.edu/full-text/na-slave-narratives/data/texts/neh-jamison-jamison.txt
neh-browne-browne.xml,Martha Griffith Browne,f,Autobiography of a Female Slave,1857,http://docsouth.unc.edu/neh/browne/menu.html,http://docsouth.unc.edu/full-text/na-slave-narratives/data/texts/neh-browne-browne.txt
neh-wards-ward.xml,Samuel Ringgold Ward,m,"Autobiography of a Fugitive Negro: His Anti-Slavery Labours in the United States, Canada, &amp; England",1855,http://docsouth.unc.edu/neh/wards/menu.html,http://docsouth.unc.edu/full-text/na-slave-narratives/data/texts/neh-wards-ward.txt
fpn-lane-lane.xml,Isaac  Lane,m,"Autobiography of Bishop Isaac Lane, LL.D. with a Short History of the C.M.E. Church in America and of Methodism",1916,http://docsouth.unc.edu/fpn/lane/menu.html,http://docsouth.unc.edu/full-text/na-slave-narratives/data/texts/fpn-lane-lane.txt
neh-parkerh-parkerh.xml,Henry  Parker,m,Autobiography of Henry Parker,1865,http://docsouth.unc.edu/neh/parkerh/menu.html,http://docsouth.unc.edu/full-text/na-slave-narratives/data/texts/neh-parkerh-parkerh.txt
neh-smithj-smithj.xml,James Lindsay Smith,m,"Autobiography of James L. Smith, Including, Also, Reminiscences of Slave Life, Recollections of the War, Education of Freedmen, Causes of the Exodus, etc.",1881,http://docsouth.unc.edu/neh/smithj/menu.html,http://docsouth.unc.edu/full-text/na-slave-narratives/data/texts/neh-smithj-smithj.txt
neh-said-said.xml,Nicholas  Said,m,"The Autobiography of Nicholas Said, A Native of Bournou, Eastern Soudan, Central Africa",1873,http://docsouth.unc.edu/neh/said/menu.html,http://docsouth.unc.edu/full-text/na-slave-narratives/data/texts/neh-said-said.txt
nc-omarsaid-omarsaid.xml,Omar ibn  Said,m,"Autobiography of Omar ibn Said, Slave in North Carolina, 1831. Ed. John Franklin Jameson. From The American Historical Review, 30, No. 4. (July 1925), 787-795",1925,http://docsouth.unc.edu/nc/omarsaid/menu.html,http://docsouth.unc.edu/full-text/na-slave-narratives/data/texts/nc-omarsaid-omarsaid.txt
neh-frederick-frederick.xml,Francis  Frederick,m,"Autobiography of Rev. Francis Frederick, of Virginia",1869,http://docsouth.unc.edu/neh/frederick/menu.html,http://docsouth.unc.edu/full-text/na-slave-narratives/data/texts/neh-frederick-frederick.txt
neh-henry-henry.xml,Thomas W. Henry,m,"Autobiography of Rev. Thomas W. Henry, of the A. M. E. Church",1872,http://docsouth.unc.edu/neh/henry/menu.html,http://docsouth.unc.edu/full-text/na-slave-narratives/data/texts/neh-henry-henry.txt
neh-henson81-henson81.xml,Josiah  Henson,m,"An Autobiography of the Rev. Josiah Henson (""Uncle Tom""). From 1789 to 1881. With a Preface by Mrs. Harriet Beecher Stowe, and Introductory Notes by George Sturge, S. Morley, Esq., M. P., Wendell Phillips, and John G. Whittier. Edited by John Lobb, F.R.G.S. Revised and Enlarged",1881,http://docsouth.unc.edu/neh/henson81/menu.html,http://docsouth.unc.edu/full-text/na-slave-narratives/data/texts/neh-henson81-henson81.txt
neh-holsey-holsey.xml,Lucius Henry Holsey,m,"Autobiography, Sermons, Addresses, and Essays of Bishop L. H. Holsey, D. D.",1898,http://docsouth.unc.edu/neh/holsey/menu.html,http://docsouth.unc.edu/full-text/na-slave-narratives/data/texts/neh-holsey-holsey.txt
neh-washstory-washin.xml,Booker T. Washington,m,An Autobiography: The Story of My Life and Work,1901,http://docsouth.unc.edu/neh/washstory/menu.html,http://docsouth.unc.edu/full-text/na-slave-narratives/data/texts/neh-washstory-washin.txt
neh-smitham-smith.xml,Amanda  Smith,f,"An Autobiography: The Story of the Lord's Dealings with Mrs. Amanda Smith, the Colored Evangelist: Containing an Account of Her Life Work of Faith, and Her Travels in America, England, Ireland, Scotland, India, and Africa as an Independent Missionary",1893,http://docsouth.unc.edu/neh/smitham/menu.html,http://docsouth.unc.edu/full-text/na-slave-narratives/data/texts/neh-smitham-smith.txt
neh-campbell-campbell.xml,Israel  Campbell,m,"An Autobiography. Bond and Free:  Or, Yearnings for Freedom, from My Green Brier House. Being the Story of My Life in Bondage, and My Life in Freedom",1861,http://docsouth.unc.edu/neh/campbell/menu.html,http://docsouth.unc.edu/full-text/na-slave-narratives/data/texts/neh-campbell-campbell.txt
neh-alexander-alexander.xml,Charles  Alexander,m,"Battles and Victories of Allen Allensworth, A. M., Ph. D., Lieutenant-Colonel, Retired, U. S. Army",1914,http://docsouth.unc.edu/neh/alexander/menu.html,http://docsouth.unc.edu/full-text/na-slave-narratives/data/texts/neh-alexander-alexander.txt
neh-aleckson-aleckson.xml,Sam  Aleckson,m,"Before the War, and After the Union.  An Autobiography",1929,http://docsouth.unc.edu/neh/aleckson/menu.html,http://docsouth.unc.edu/full-text/na-slave-narratives/data/texts/neh-aleckson-aleckson.txt
neh-keckley-keckley.xml,Elizabeth  Keckley,f,"Behind the Scenes, or, Thirty years a Slave, and Four Years in the White House",1868,http://docsouth.unc.edu/neh/keckley/menu.html,http://docsouth.unc.edu/full-text/na-slave-narratives/data/texts/neh-keckley-keckley.txt
neh-carolinatwin-carolinatwin.xml,  No Author,f,"Biographical Sketch of Millie Christine, the Carolina Twin, Surnamed the Two-Headed Nightingale and the Eighth Wonder of the World",1907,http://docsouth.unc.edu/neh/carolinatwin/menu.html,http://docsouth.unc.edu/full-text/na-slave-narratives/data/texts/neh-carolinatwin-carolinatwin.txt
neh-mott26-mott26.xml,Abigail  Mott,f,"Biographical Sketches and Interesting Anecdotes of Persons of Colour. To Which is Added, a Selection of Pieces in Poetry",1826,http://docsouth.unc.edu/neh/mott26/menu.html,http://docsouth.unc.edu/full-text/na-slave-narratives/data/texts/neh-mott26-mott26.txt
neh-thompsch-thompsch.xml,Charles  Thompson,m,"Biography of a Slave; Being the Experiences of Rev. Charles Thompson, a Preacher of the United Brethren Church, While a Slave in the South. Together with Startling Occurrences Incidental to Slave Life",1875,http://docsouth.unc.edu/neh/thompsch/menu.html,http://docsouth.unc.edu/full-text/na-slave-narratives/data/texts/neh-thompsch-thompsch.txt
neh-brownj-brownj.xml,Josephine  Brown,f,"Biography of an American Bondman, by His Daughter",1856,http://docsouth.unc.edu/neh/brownj/menu.html,http://docsouth.unc.edu/full-text/na-slave-narratives/data/texts/neh-brownj-brownj.txt
neh-taylor-taylor.xml,James B. Taylor,m,"Biography of Elder Lott Cary, Late Missionary to Africa. With an Appendix on the Subject of Colonization, by J.H.B. Latrobe",1837,http://docsouth.unc.edu/neh/taylor/menu.html,http://docsouth.unc.edu/full-text/na-slave-narratives/data/texts/neh-taylor-taylor.txt
neh-ferrill-ferrill.xml,  No Author,m,"Biography of London Ferrill, Pastor of the First Baptist Church of Colored Persons, Lexington, KY",1854,http://docsouth.unc.edu/neh/ferrill/menu.html,http://docsouth.unc.edu/full-text/na-slave-narratives/data/texts/neh-ferrill-ferrill.txt
neh-baquaqua-baquaqua.xml,Mahommah Gardo Baquaqua,m,"Biography of Mahommah G. Baquaqua, a Native of Zoogoo, in the Interior of Africa. (A Convert to Christianity,) With a Description of That Part of the World; Including the Manners and Customs of the Inhabitants, Their Religious Notions, Form of Government, Laws, Appearance of the Country, Buildings, Agriculture, Manufactures, Shepherds and Herdsmen, Domestic Animals, Marriage Ceremonials, Funeral Services, Styles of Dress, Trade and Commerce, Modes of Warfare, System of Slavery, &amp;c., &amp;c. Mahommah's Early Life, His Education, His Capture and Slavery in Western Africa and Brazil, His Escape to the United States, from Thence to Hayti, (the City of Port Au Prince,) His Reception by the Baptist Missionary There, The Rev. W. L. Judd; His Conversion to Christianity, Baptism, and Return to This Country, His Views, Objects and Aim. Written and Revised from His Own Words, by Samuel Moore, Esq., Late Publisher of the ""North of England Shipping Gazette,"" Author of Several Popular Works, and Editor of Sundry Reform Papers",1854,http://docsouth.unc.edu/neh/baquaqua/menu.html,http://docsouth.unc.edu/full-text/na-slave-narratives/data/texts/neh-baquaqua-baquaqua.txt
neh-dsmith-dsmith.xml,David  Smith,m,"Biography of Rev. David Smith of the A. M. E. Church; Being a Complete History, Embracing over Sixty Years' Labor in the Advancement of the Redeemer's Kingdom on Earth. Including ""The History of the Origin and Development of Wilberforce University.""",1881,http://docsouth.unc.edu/neh/dsmith/menu.html,http://docsouth.unc.edu/full-text/na-slave-narratives/data/texts/neh-dsmith-dsmith.txt
neh-brownww-brown.xml,William Wells Brown,m,"The Black Man: His Antecedents, His Genius, and His Achievements",1863,http://docsouth.unc.edu/neh/brownww/menu.html,http://docsouth.unc.edu/full-text/na-slave-narratives/data/texts/neh-brownww-brown.txt
neh-brinch-brinch.xml,Boyrereau  Brinch,m,"The Blind African Slave, or Memoirs of Boyrereau Brinch, Nick-named Jeffrey Brace. Containing an Account of the Kingdom of Bow-Woo, in the Interior of Africa; with the Climate and Natural Productions, Laws, and Customs Peculiar to That Place. With an Account of His Captivity, Sufferings, Sales, Travels, Emancipation, Conversion to the Christian Religion, Knowledge of the Scriptures, &amp;c. Interspersed with Strictures on Slavery, Speculative Observations on the Qualities of Human Nature, with Quotation from Scripture",1810,http://docsouth.unc.edu/neh/brinch/menu.html,http://docsouth.unc.edu/full-text/na-slave-narratives/data/texts/neh-brinch-brinch.txt
neh-lintner-lintner.xml,Grace  Lintner,f,Bond and Free: A Tale of the South,1882,http://docsouth.unc.edu/neh/lintner/menu.html,http://docsouth.unc.edu/full-text/na-slave-narratives/data/texts/neh-lintner-lintner.txt
neh-blair-blair.xml,Norvel  Blair,m,"Book for the People! To Be Read by All Voters, Black and White, with Thrilling Events of the Life of Norvel Blair, of Grundy County, State of Illinois. Written and Published by Him, and with the Money He Earned by His Own Labor, and Is Sent Out with the Sincere Hope that if Carefully Read, It Will Tend to Put a Stop to Northern Bull-Dozing and Will Give to All a Free Ballot, without Fear, Favor or Affection and Respect",1880,http://docsouth.unc.edu/neh/blair/menu.html,http://docsouth.unc.edu/full-text/na-slave-narratives/data/texts/neh-blair-blair.txt
neh-scott-scott.xml,Emmett J. Scott,m,"Booker T. Washington, Builder of a Civilization",1916,http://docsouth.unc.edu/neh/scott/menu.html,http://docsouth.unc.edu/full-text/na-slave-narratives/data/texts/neh-scott-scott.txt
neh-whitegeo-whitegeo.xml,George  White,m,"A Brief Account of the Life, Experience, Travels, and Gospel Labours of George White, an African; Written by Himself, and Revised by a Friend",1810,http://docsouth.unc.edu/neh/whitegeo/menu.html,http://docsouth.unc.edu/full-text/na-slave-narratives/data/texts/neh-whitegeo-whitegeo.txt
fpn-ferebee-ferebee.xml,L. R. Ferebee,m,"A Brief History of the Slave Life of Rev. L. R. Ferebee, and the Battles of Life, and Four Years of His Ministerial Life. Written from Memory. To 1882",1882,http://docsouth.unc.edu/fpn/ferebee/menu.html,http://docsouth.unc.edu/full-text/na-slave-narratives/data/texts/fpn-ferebee-ferebee.txt
neh-tilmon-tilmon.xml,Levin  Tilmon,m,A Brief Miscellaneous Narrative of the More Early Part of the Life of L. Tilmon: Pastor of a Colored Methodist Congregational Church in the City of New York,1853,http://docsouth.unc.edu/neh/tilmon/menu.html,http://docsouth.unc.edu/full-text/na-slave-narratives/data/texts/neh-tilmon-tilmon.txt
neh-nicholson-nicholson.xml,Alfred W. Nicholson,m,Brief Sketch of the Life and Labors of Rev. Alexander Bettis. Also an Account of the Founding and Development of the Bettis Academy,1913,http://docsouth.unc.edu/neh/nicholson/menu.html,http://docsouth.unc.edu/full-text/na-slave-narratives/data/texts/neh-nicholson-nicholson.txt
neh-gaines-gaines.xml,William  Walker,m,Buried Alive (Behind Prison Walls) for a Quarter of a Century: Life of William Walker,1892,http://docsouth.unc.edu/neh/gaines/menu.html,http://docsouth.unc.edu/full-text/na-slave-narratives/data/texts/neh-gaines-gaines.txt
neh-lester-lester.xml,Peter  Wheeler,m,"Chains and Freedom: Or, The Life and Adventures of Peter Wheeler, a Colored Man Yet Living. A Slave in Chains, a Sailor on the Deep, and a Sinner at the Cross",1839,http://docsouth.unc.edu/neh/lester/menu.html,http://docsouth.unc.edu/full-text/na-slave-narratives/data/texts/neh-lester-lester.txt
neh-flipper-flipper.xml,Henry Ossian Flipper,m,"The Colored Cadet at West Point. Autobiography of Lieut. Henry Ossian Flipper, U. S. A., First Graduate of Color from the U. S. Military Academy",1878,http://docsouth.unc.edu/neh/flipper/menu.html,http://docsouth.unc.edu/full-text/na-slave-narratives/data/texts/neh-flipper-flipper.txt
neh-jennings-jennings.xml,Paul  Jennings,m,A Colored Man's Reminiscences of James Madison,1865,http://docsouth.unc.edu/neh/jennings/menu.html,http://docsouth.unc.edu/full-text/na-slave-narratives/data/texts/neh-jennings-jennings.txt
neh-nell-nell.xml,William Cooper Nell,m,The Colored Patriots of the American Revolution: With Sketches of Several Distinguished Colored Persons: To Which is Added a Brief Survey of the Condition and Prospects of Colored Americans,1855,http://docsouth.unc.edu/neh/nell/menu.html,http://docsouth.unc.edu/full-text/na-slave-narratives/data/texts/neh-nell-nell.txt
neh-joyce-joyce.xml,John  Joyce,m,"Confession of John Joyce, Alias Davis, Who Was Executed on Monday, the 14th of March, 1808. For the Murder of Mrs. Sarah Cross; With an Address to the Public and People of Colour. Together with the Substance of the Trial, and the Address of Chief Justice Tilghman, on His Condemnation. Confession of Peter Mathias, Alias Matthews, Who Was Executed on Monday, the 14th of March, 1808. For the Murder of Mrs. Sarah Cross; With an Address to the Public and People of Colour. Together with the Substance of the  Trial, and the Address of Chief Justice Tilghman, on His Condemnation",1808,http://docsouth.unc.edu/neh/joyce/menu.html,http://docsouth.unc.edu/full-text/na-slave-narratives/data/texts/neh-joyce-joyce.txt
neh-turner-turner.xml,Nat  Turner,m,"The Confessions of Nat Turner, the Leader of the Late Insurrection in Southampton, Va.",1831,http://docsouth.unc.edu/neh/turner/menu.html,http://docsouth.unc.edu/full-text/na-slave-narratives/data/texts/neh-turner-turner.txt
neh-fjones-jones.xml,Friday  Jones,m,Days of Bondage. Autobiography of Friday Jones. Being a Brief Narrative of His Trials and Tribulations in Slavery,1883,http://docsouth.unc.edu/neh/fjones/menu.html,http://docsouth.unc.edu/full-text/na-slave-narratives/data/texts/neh-fjones-jones.txt
neh-pomp-pomp.xml,  Pomp,m,"Dying Confession of Pomp, A Negro Man, Who Was Executed at Ipswich, on the 6th August, 1795, for Murdering Capt. Charles Furbush, of Andover, Taken from the Mouth of the Prisoner, and Penned by Jonathan Plummer, Jun.",1795,http://docsouth.unc.edu/neh/pomp/menu.html,http://docsouth.unc.edu/full-text/na-slave-narratives/data/texts/neh-pomp-pomp.txt
neh-arter-arter.xml,Jared Maurice Arter,m,Echoes from a Pioneer Life,1922,http://docsouth.unc.edu/neh/arter/menu.html,http://docsouth.unc.edu/full-text/na-slave-narratives/data/texts/neh-arter-arter.txt
neh-eliza2-eliza2.xml,  Elizabeth,f,"Elizabeth, a Colored Minister of the Gospel Born in Slavery",1889,http://docsouth.unc.edu/neh/eliza2/menu.html,http://docsouth.unc.edu/full-text/na-slave-narratives/data/texts/neh-eliza2-eliza2.txt
neh-jonestom-jones.xml,Thomas H. Jones,m,"Experience and Personal Narrative of Uncle Tom Jones; Who Was for Forty Years a Slave. Also the Surprising Adventures of Wild Tom, of the Island Retreat, a Fugitive Negro from South Carolina",1855,http://docsouth.unc.edu/neh/jonestom/menu.html,http://docsouth.unc.edu/full-text/na-slave-narratives/data/texts/neh-jonestom-jones.txt
fpn-jackson-jackson.xml,John Andrew Jackson,m,The Experience of a Slave in South Carolina,1862,http://docsouth.unc.edu/fpn/jackson/menu.html,http://docsouth.unc.edu/full-text/na-slave-narratives/data/texts/fpn-jackson-jackson.txt
nc-jones85-jones85.xml,Thomas H. Jones,m,"The Experience of Rev. Thomas H. Jones, Who Was a Slave for Forty-Three Years. Written by a Friend, as Related to Him by Brother Jones",1885,http://docsouth.unc.edu/nc/jones85/menu.html,http://docsouth.unc.edu/full-text/na-slave-narratives/data/texts/nc-jones85-jones85.txt
fpn-jones-jones.xml,Thomas H. Jones,m,"The Experience of Thomas H. Jones, who was a Slave for Forty-Three Years",1862,http://docsouth.unc.edu/fpn/jones/menu.html,http://docsouth.unc.edu/full-text/na-slave-narratives/data/texts/fpn-jones-jones.txt
neh-kelley-kelley.xml,Edmond  Kelley,m,"A Family Redeemed from Bondage; Being Rev. Edmond Kelley, (the Author,) His Wife, and Four Children",1851,http://docsouth.unc.edu/neh/kelley/menu.html,http://docsouth.unc.edu/full-text/na-slave-narratives/data/texts/neh-kelley-kelley.txt
neh-vale-vale.xml,G.  Vale,f,"Fanaticism; Its Source and Influence, Illustrated by the Simple Narrative of Isabella, in the Case of Matthias, Mr. and Mrs. B. Folger, Mr. Pierson, Mr. Mills, Catherine, Isabella, &amp;c. &amp;c. A Reply to W. L. Stone, with the Descriptive Portraits of All the Parties, While at Sing-Sing and at Third  Street. - Containing the Whole Truth - and Nothing but the Truth",1835,http://docsouth.unc.edu/neh/vale/menu.html,http://docsouth.unc.edu/full-text/na-slave-narratives/data/texts/neh-vale-vale.txt
neh-fields-fields.xml,  Fields,m,"Fields's Observations: The Slave Narrative of a Nineteenth-Century Virginian. From The Virginia Magazine of History and Biography. Vol. 88, 75-93",1980,http://docsouth.unc.edu/neh/fields/menu.html,http://docsouth.unc.edu/full-text/na-slave-narratives/data/texts/neh-fields-fields.txt
fpn-ball-ball.xml,Charles  Ball,m,"Fifty Years in Chains, or, The Life of an American Slave",1859,http://docsouth.unc.edu/fpn/ball/menu.html,http://docsouth.unc.edu/full-text/na-slave-narratives/data/texts/fpn-ball-ball.txt
neh-smithhar-smithhar.xml,Harry  Smith,m,Fifty Years of Slavery in the United States of America,1891,http://docsouth.unc.edu/neh/smithhar/menu.html,http://docsouth.unc.edu/full-text/na-slave-narratives/data/texts/neh-smithhar-smithhar.txt
neh-doug1906-doug1906.xml,Booker T. Washington,m,Frederick Douglass,1906,http://docsouth.unc.edu/neh/doug1906/menu.html,http://docsouth.unc.edu/full-text/na-slave-narratives/data/texts/neh-doug1906-doug1906.txt
neh-chesnutt-chesnutt.xml,Charles Waddell Chesnutt,m,Frederick Douglass,1899,http://docsouth.unc.edu/neh/chesnutt/menu.html,http://docsouth.unc.edu/full-text/na-slave-narratives/data/texts/neh-chesnutt-chesnutt.txt
neh-holland-holland.xml,Frederic May Holland,m,Frederick Douglass The Colored Orator,1895,http://docsouth.unc.edu/neh/holland/menu.html,http://docsouth.unc.edu/full-text/na-slave-narratives/data/texts/neh-holland-holland.txt
neh-gregory-gregory.xml,James M. Gregory,m,"Frederick Douglass The Orator. Containing an Account of His Life,  His Eminent Public Services,  His Brilliant Career as Orator,  Selections from His Speeches and Writings ",1893,http://docsouth.unc.edu/neh/gregory/menu.html,http://docsouth.unc.edu/full-text/na-slave-narratives/data/texts/neh-gregory-gregory.txt
neh-parker1-parker.xml,William  Parker,m,The Freedman's Story: In Two Parts,,http://docsouth.unc.edu/neh/parker1/menu.html,http://docsouth.unc.edu/full-text/na-slave-narratives/data/texts/neh-parker1-parker.txt
neh-merritt-merritt.xml,Raleigh H. Merritt,m,From Captivity to Fame or The Life of George Washington Carver,1929,http://docsouth.unc.edu/neh/merritt/menu.html,http://docsouth.unc.edu/full-text/na-slave-narratives/data/texts/neh-merritt-merritt.txt
fpn-robinson-robinson.xml,William H. Robinson,m,"From Log Cabin to the Pulpit, or, Fifteen Years in Slavery",1913,http://docsouth.unc.edu/fpn/robinson/menu.html,http://docsouth.unc.edu/full-text/na-slave-narratives/data/texts/fpn-robinson-robinson.txt
neh-randolph-randolph.xml,Peter  Randolph,m,From Slave Cabin to the Pulpit. The Autobiography of Rev. Peter Randolph: the Southern Question Illustrated and Sketches of Slave Life,1893,http://docsouth.unc.edu/neh/randolph/menu.html,http://docsouth.unc.edu/full-text/na-slave-narratives/data/texts/neh-randolph-randolph.txt
neh-edwardsc-edwards.xml,S. J. Celestine Edwards,m,"From Slavery to a Bishopric, or, The Life of Bishop Walter Hawkins of the British Methodist Episcopal Church Canada",1891,http://docsouth.unc.edu/neh/edwardsc/menu.html,http://docsouth.unc.edu/full-text/na-slave-narratives/data/texts/neh-edwardsc-edwards.txt
neh-heard-heard.xml,William H. Heard,m,From Slavery to the Bishopric in the A.M.E. Church. An Autobiography,1928,http://docsouth.unc.edu/neh/heard/menu.html,http://docsouth.unc.edu/full-text/na-slave-narratives/data/texts/neh-heard-heard.txt
neh-rudd-rudd.xml,Dan. A. Rudd,m,"From Slavery to Wealth. The Life of Scott Bond.  The Rewards of Honesty, Industry, Economy and Perseverance",1917,http://docsouth.unc.edu/neh/rudd/menu.html,http://docsouth.unc.edu/full-text/na-slave-narratives/data/texts/neh-rudd-rudd.txt
neh-delaney-delaney.xml,Lucy A. Delaney,f,From the Darkness Cometh the Light or Struggles for Freedom,1895,http://docsouth.unc.edu/neh/delaney/menu.html,http://docsouth.unc.edu/full-text/na-slave-narratives/data/texts/neh-delaney-delaney.txt
neh-penning49-penning49.xml,James W. C. Pennington,m,"The Fugitive Blacksmith; or, Events in the History of James W. C. Pennington, Pastor of a Presbyterian Church, New York, Formerly a Slave in the State of Maryland, United States",1849,http://docsouth.unc.edu/neh/penning49/menu.html,http://docsouth.unc.edu/full-text/na-slave-narratives/data/texts/neh-penning49-penning49.txt
neh-barrett-barrett.xml,Philip  Barrett,m,"Gilbert Hunt, the City Blacksmith",1859,http://docsouth.unc.edu/neh/barrett/menu.html,http://docsouth.unc.edu/full-text/na-slave-narratives/data/texts/neh-barrett-barrett.txt
neh-adamsh-adamsh.xml,H. G. Adams,m,"God's Image in Ebony: Being a Series of Biographical Sketches, Facts, Anecdotes, etc., Demonstrative of the Mental Powers and Intellectual Capacities of the Negro Race",1854,http://docsouth.unc.edu/neh/adamsh/menu.html,http://docsouth.unc.edu/full-text/na-slave-narratives/data/texts/neh-adamsh-adamsh.txt
neh-troy-troy.xml,William  Troy,m,Hair-breadth Escapes from Slavery to Freedom,1861,http://docsouth.unc.edu/neh/troy/menu.html,http://docsouth.unc.edu/full-text/na-slave-narratives/data/texts/neh-troy-troy.txt
neh-harriet-harriet.xml,Sarah H. Bradford,f,"Harriet, the Moses of Her People",1886,http://docsouth.unc.edu/neh/harriet/menu.html,http://docsouth.unc.edu/full-text/na-slave-narratives/data/texts/neh-harriet-harriet.txt
neh-douglass1853-douglass1853.xml,Frederick  Douglass,m,"The Heroic Slave. From Autographs for Freedom, Ed. Julia Griffiths",1853,http://docsouth.unc.edu/neh/douglass1853/menu.html,http://docsouth.unc.edu/full-text/na-slave-narratives/data/texts/neh-douglass1853-douglass1853.txt
neh-prince-prince.xml,Mary  Prince,f,"The History of Mary Prince, a West Indian Slave. Related by Herself. With a Supplement by the Editor. To Which Is Added, the Narrative of Asa-Asa, a Captured African",1831,http://docsouth.unc.edu/neh/prince/menu.html,http://docsouth.unc.edu/full-text/na-slave-narratives/data/texts/neh-prince-prince.txt
neh-latta-latta.xml,M. L. Latta,m,"The History of My Life and Work. Autobiography by Rev. M. L. Latta, A.M., D.D.",1903,http://docsouth.unc.edu/neh/latta/menu.html,http://docsouth.unc.edu/full-text/na-slave-narratives/data/texts/neh-latta-latta.txt
neh-barber-barber.xml,John Warner Barber,m,"A History of the Amistad Captives: Being a Circumstantial Account of the Capture of the Spanish Schooner Amistad, by the Africans on Board; Their Voyage, and Capture Near Long Island, New York; with Biographical Sketches of Each of the Surviving Africans; Also, an Account of the Trials had on Their case, Before the District and Circuit Courts of the United States, for the District of Connecticut",1840,http://docsouth.unc.edu/neh/barber/menu.html,http://docsouth.unc.edu/full-text/na-slave-narratives/data/texts/neh-barber-barber.txt
neh-millie-christine-millie-christine.xml,  Millie-Christine,f,"The History of the Carolina Twins: Told in ""Their Own Peculiar Way"" By ""One of Them""",1850,http://docsouth.unc.edu/neh/millie-christine/menu.html,http://docsouth.unc.edu/full-text/na-slave-narratives/data/texts/neh-millie-christine-millie-christine.txt
neh-leewilliam-lee.xml,William Mack Lee,m,History of the Life of Rev. Wm. Mack Lee: Body Servant of General Robert E. Lee Through the Civil War: Cook from 1861 to 1865,1918,http://docsouth.unc.edu/neh/leewilliam/menu.html,http://docsouth.unc.edu/full-text/na-slave-narratives/data/texts/neh-leewilliam-lee.txt
neh-webb-webb.xml,William  Webb,m,"The History of William Webb, Composed by Himself",1873,http://docsouth.unc.edu/neh/webb/menu.html,http://docsouth.unc.edu/full-text/na-slave-narratives/data/texts/neh-webb-webb.txt
neh-brownhal-brownhal.xml,Hallie Q. Brown,f,Homespun Heroines and Other Women of Distinction,1926,http://docsouth.unc.edu/neh/brownhal/menu.html,http://docsouth.unc.edu/full-text/na-slave-narratives/data/texts/neh-brownhal-brownhal.txt
neh-simpson-simpson.xml,John Hawkins Simpson,m,"Horrors of the Virginian Slave Trade and of the Slave-Rearing Plantations. The True Story of Dinah, an Escaped Virginian Slave, Now in London, on Whose Body Are Eleven Scars Left by Tortures Which Were Inflicted by Her Master, Her Own Father. Together with Extracts from the Laws of Virginia, Showing That Against These Barbarities the Law Gives Not the Smallest Protection to the Slave, But the Reverse",1863,http://docsouth.unc.edu/neh/simpson/menu.html,http://docsouth.unc.edu/full-text/na-slave-narratives/data/texts/neh-simpson-simpson.txt
neh-albert-albert.xml,Octavia V. Rogers Albert,f,"The House of Bondage, or, Charlotte Brooks and Other Slaves, Original and Life Like, As They Appeared in Their Old Plantation and City Slave Life; Together with Pen-Pictures of the Peculiar Institution, with Sights and Insights into Their New Relations as Freedmen, Freemen, and Citizens",1890,http://docsouth.unc.edu/neh/albert/menu.html,http://docsouth.unc.edu/full-text/na-slave-narratives/data/texts/neh-albert-albert.txt
neh-aga-aga.xml,Selim  Aga,m,"Incidents Connected with the Life of Selim Aga, a Native of Central Africa",1846,http://docsouth.unc.edu/neh/aga/menu.html,http://docsouth.unc.edu/full-text/na-slave-narratives/data/texts/neh-aga-aga.txt
fpn-jacobs-jacobs.xml,Harriet A. Jacobs,f,Incidents in the Life of a Slave Girl. Written by Herself,1861,http://docsouth.unc.edu/fpn/jacobs/menu.html,http://docsouth.unc.edu/full-text/na-slave-narratives/data/texts/fpn-jacobs-jacobs.txt
neh-anderson-anderson.xml,Thomas  Anderson,m,"Interesting Account of Thomas Anderson, a Slave, Taken from His Own Lips. Ed. J. P. Clark",1854,http://docsouth.unc.edu/neh/anderson/menu.html,http://docsouth.unc.edu/full-text/na-slave-narratives/data/texts/neh-anderson-anderson.txt
neh-equiano1-equiano1.xml,Olaudah  Equiano,m,"The Interesting Narrative of the Life of Olaudah Equiano, or Gustavus Vassa, the African. Written by Himself. Vol. I.",1789,http://docsouth.unc.edu/neh/equiano1/menu.html,http://docsouth.unc.edu/full-text/na-slave-narratives/data/texts/neh-equiano1-equiano1.txt
neh-equiano2-equiano2.xml,Olaudah  Equiano,m,"The Interesting Narrative of the Life of Olaudah Equiano, or Gustavus Vassa, the African. Written by Himself. Vol. II.",1789,http://docsouth.unc.edu/neh/equiano2/menu.html,http://docsouth.unc.edu/full-text/na-slave-narratives/data/texts/neh-equiano2-equiano2.txt
neh-pierson-pierson.xml,Emily Catharine Pierson,f,"Jamie Parker, the Fugitive",1851,http://docsouth.unc.edu/neh/pierson/menu.html,http://docsouth.unc.edu/full-text/na-slave-narratives/data/texts/neh-pierson-pierson.txt
neh-griest-griest.xml,Ellwood  Griest,m,"John and Mary; or, The Fugitive Slaves, a Tale of South-Eastern Pennsylvania",1873,http://docsouth.unc.edu/neh/griest/menu.html,http://docsouth.unc.edu/full-text/na-slave-narratives/data/texts/neh-griest-griest.txt
church-hatcher-hatcher.xml,William E. Hatcher,m,John Jasper: The Unmatched Negro Philosopher and Preacher,1908,http://docsouth.unc.edu/church/hatcher/menu.html,http://docsouth.unc.edu/full-text/na-slave-narratives/data/texts/church-hatcher-hatcher.txt
neh-bleby-bleby.xml,Henry  Bleby,m,Josiah: The Maimed Fugitive. A True Tale,1873,http://docsouth.unc.edu/neh/bleby/menu.html,http://docsouth.unc.edu/full-text/na-slave-narratives/data/texts/neh-bleby-bleby.txt
neh-pickard-pickard.xml,Kate E. R. Pickard,f,"The Kidnapped and the Ransomed. Recollections of Peter Still and His Wife ""Vina,"" after Forty Years of Slavery.",1856,http://docsouth.unc.edu/neh/pickard/menu.html,http://docsouth.unc.edu/full-text/na-slave-narratives/data/texts/neh-pickard-pickard.txt
neh-webster-webster.xml,Pharaoh Jackson Chesney,m,"Last of the Pioneers: Or, Old Times in East Tenn., Being the Life and Reminiscences of Pharaoh Jackson Chesney (Aged 120 Years)",1902,http://docsouth.unc.edu/neh/webster/menu.html,http://docsouth.unc.edu/full-text/na-slave-narratives/data/texts/neh-webster-webster.txt
neh-fortis-fortis.xml,Edmund  Fortis,m,"The Last Words and Dying Speech of Edmund Fortis, a Negro Man, Who Appeared to Be between Thirty and Forty Years of Age, but Very Ignorant. He Was Executed at Dresden, on Kennebeck River, on Thursday the Twenty-Fifth Day of September, 1794, for a Rape and Murder, Committed on the Body of Pamela Tilton, a Young Girl of about Fourteen Years of Age, Daughter of Mr. Tilton of Vassalborough, in the County of Lincoln",1795,http://docsouth.unc.edu/neh/fortis/menu.html,http://docsouth.unc.edu/full-text/na-slave-narratives/data/texts/neh-fortis-fortis.txt
neh-sancho1-sancho1.xml,Ignatius  Sancho,m,"Letters of the Late Ignatius Sancho, An African. In Two Volumes. To Which Are Prefixed, Memoirs of His Life. Vol. I",1782,http://docsouth.unc.edu/neh/sancho1/menu.html,http://docsouth.unc.edu/full-text/na-slave-narratives/data/texts/neh-sancho1-sancho1.txt
neh-sancho2-sancho2.xml,Ignatius  Sancho,m,"Letters of the Late Ignatius Sancho, An African. In Two Volumes. To Which Are Prefixed, Memoirs of His Life. Vol. II",1782,http://docsouth.unc.edu/neh/sancho2/menu.html,http://docsouth.unc.edu/full-text/na-slave-narratives/data/texts/neh-sancho2-sancho2.txt
neh-williams-williams.xml,James  Williams,m,"Life and Adventures of James Williams, a Fugitive Slave, with a Full Description of the Underground Railroad",1873,http://docsouth.unc.edu/neh/williams/menu.html,http://docsouth.unc.edu/full-text/na-slave-narratives/data/texts/neh-williams-williams.txt
neh-natlove-natlove.xml,Nat  Love,m,"Life and Adventures of Nat Love, Better Known in the Cattle Country as ""Deadwood Dick,"" by Himself; a True History of Slavery Days, Life on the Great Cattle Ranges and on the Plains of the ""Wild and Woolly"" West, Based on Facts, and Personal Experiences of the Author",1907,http://docsouth.unc.edu/neh/natlove/menu.html,http://docsouth.unc.edu/full-text/na-slave-narratives/data/texts/neh-natlove-natlove.txt
neh-robert-robert.xml,Robert  Voorhis,m,"Life and Adventures of Robert, the Hermit of Massachusetts: Who Has Lived 14 Years in a Cave, Secluded from Human Society: Comprising, an Account of his Birth, Parentage, Sufferings, and Providential Escape from Unjust and Cruel Bondage in Early Life, and His Reasons for Becoming a Recluse",1829,http://docsouth.unc.edu/neh/robert/menu.html,http://docsouth.unc.edu/full-text/na-slave-narratives/data/texts/neh-robert-robert.txt
neh-neilson-neilson.xml,Peter  Neilson,m,"The Life and Adventures of Zamba, an African Negro King; and His Experience of Slavery in South Carolina. Written by Himself. Corrected and Arranged by Peter Neilson",1847,http://docsouth.unc.edu/neh/neilson/menu.html,http://docsouth.unc.edu/full-text/na-slave-narratives/data/texts/neh-neilson-neilson.txt
neh-marrs-marrs.xml,Elijah P. Marrs,m,"Life and History of the Rev. Elijah P. Marrs, First Pastor of Beargrass Baptist Church, and Author",1885,http://docsouth.unc.edu/neh/marrs/menu.html,http://docsouth.unc.edu/full-text/na-slave-narratives/data/texts/neh-marrs-marrs.txt
neh-oneal-oneal.xml,William  O'Neal,m,"Life and History of William O'Neal, or, The Man Who Sold His Wife",1896,http://docsouth.unc.edu/neh/oneal/menu.html,http://docsouth.unc.edu/full-text/na-slave-narratives/data/texts/neh-oneal-oneal.txt
neh-early-early.xml,Sarah J. W. Early,f,"Life and Labors of Rev. Jordan W. Early, One of the Pioneers of African Methodism in the West and South",1894,http://docsouth.unc.edu/neh/early/menu.html,http://docsouth.unc.edu/full-text/na-slave-narratives/data/texts/neh-early-early.txt
neh-andersonw-andersonw.xml,William J. Anderson,m,"Life and Narrative of William J. Anderson, Twenty-four Years a Slave; Sold Eight Times! In Jail Sixty Times!! Whipped Three Hundred Times!!! or The Dark Deeds of American Slavery Revealed. Containing Scriptural Views of the Origin of the Black and of the White Man. Also, a Simple and Easy Plan to Abolish Slavery in the United States. Together with an Account of the Services of Colored Men in the Revolutionary War--Day and Date, and Interesting Facts",1857,http://docsouth.unc.edu/neh/andersonw/menu.html,http://docsouth.unc.edu/full-text/na-slave-narratives/data/texts/neh-andersonw-andersonw.txt
neh-hammond-hammond.xml,Julius  Melbourn,m,"Life and Opinions of Julius Melbourn; with Sketches of the Lives and Characters of Thomas Jefferson, John Quincy Adams, John Randolph, and Several Other Eminent American Statesmen",1847,http://docsouth.unc.edu/neh/hammond/menu.html,http://docsouth.unc.edu/full-text/na-slave-narratives/data/texts/neh-hammond-hammond.txt
neh-jjoseph-jjoseph.xml,John  Joseph,m,"The Life and Sufferings of John Joseph, a Native of Ashantee, in Western Africa: Who Was Stolen from His Parents at the Age of 3 Years, and Sold to Mr. Johnstone, a Cotton Planter, in New Orleans, South America",1848,http://docsouth.unc.edu/neh/jjoseph/menu.html,http://docsouth.unc.edu/full-text/na-slave-narratives/data/texts/neh-jjoseph-jjoseph.txt
neh-black-black.xml,Leonard  Black,m,"The Life and Sufferings of Leonard Black, a Fugitive from Slavery. Written by Himself",1847,http://docsouth.unc.edu/neh/black/menu.html,http://docsouth.unc.edu/full-text/na-slave-narratives/data/texts/neh-black-black.txt
neh-dougl92-dougl92.xml,Frederick  Douglass,m,"Life and Times of Frederick Douglass, Written by Himself. His Early Life as a Slave, His Escape from Bondage, and His Complete History to the Present Time, Including His Connection with the Anti-slavery Movement; His Labors in Great Britain as Well as in His Own Country; His Experience in the Conduct of an Influential Newspaper; His Connection with the Underground Railroad; His Relations with John Brown and the Harpers Ferry Raid;  His Recruiting the 54th and 55th Mass. Colored Regiments; His Interviews with Presidents Lincoln and Johnson; His Appointment by Gen. Grant to Accompany the Santo Domingo Commission&#x2014;Also to a Seat in the Council of the District of Columbia; His Appointment as United States Marshal by President R. B. Hayes; Also His Appointment to Be Recorder of Deeds in Washington by President J. A. Garfield; with Many Other Interesting and Important Events of His Most Eventful Life; With an Introduction by Mr. George L. Ruffin, of Boston",1892,http://docsouth.unc.edu/neh/dougl92/menu.html,http://docsouth.unc.edu/full-text/na-slave-narratives/data/texts/neh-dougl92-dougl92.txt
neh-douglasslife-douglass.xml,Frederick  Douglass,m,"Life and Times of Frederick Douglass: His Early Life as a Slave, His Escape from Bondage, and His Complete History to the Present Time",1881,http://docsouth.unc.edu/neh/douglasslife/menu.html,http://docsouth.unc.edu/full-text/na-slave-narratives/data/texts/neh-douglasslife-douglass.txt
neh-floyd-floyd.xml,Silas Xavier Floyd,m,"Life of Charles T. Walker, D.D., (""The Black Spurgeon."") Pastor Mt. Olivet Baptist Church, New York City",1902,http://docsouth.unc.edu/neh/floyd/menu.html,http://docsouth.unc.edu/full-text/na-slave-narratives/data/texts/neh-floyd-floyd.txt
neh-henryg-henryg.xml,George  Henry,m,Life of George Henry. Together with a Brief History of the Colored People in America,1894,http://docsouth.unc.edu/neh/henryg/menu.html,http://docsouth.unc.edu/full-text/na-slave-narratives/data/texts/neh-henryg-henryg.txt
fpn-hortonlife-horton.xml,George Moses Horton,m,"Life of George M. Horton. The Colored Bard of North Carolina from ""The Poetical Works of George M. Horton, the Colored Bard of North Carolina, to which is Prefixed the Life of the Author, written by himself.""",1845,http://docsouth.unc.edu/fpn/hortonlife/menu.html,http://docsouth.unc.edu/full-text/na-slave-narratives/data/texts/fpn-hortonlife-horton.txt
fpn-mason-mason.xml,Isaac  Mason,m,Life of Isaac Mason as a Slave,1893,http://docsouth.unc.edu/fpn/mason/menu.html,http://docsouth.unc.edu/full-text/na-slave-narratives/data/texts/fpn-mason-mason.txt
neh-mars-mars.xml,James  Mars,m,"Life of James Mars, a Slave Born and Sold in Connecticut. Written by Himself",1868,http://docsouth.unc.edu/neh/mars/menu.html,http://docsouth.unc.edu/full-text/na-slave-narratives/data/texts/neh-mars-mars.txt
neh-mars64-mars64.xml,James  Mars,m,"Life of James Mars, A Slave Born and Sold in Connecticut. Written by Himself",1864,http://docsouth.unc.edu/neh/mars64/menu.html,http://docsouth.unc.edu/full-text/na-slave-narratives/data/texts/neh-mars64-mars64.txt
neh-thompson-thompson.xml,John  Thompson,m,"The Life of John Thompson, a Fugitive Slave; Containing His History of 25 Years in Bondage, and His Providential Escape.  Written by Himself",1856,http://docsouth.unc.edu/neh/thompson/menu.html,http://docsouth.unc.edu/full-text/na-slave-narratives/data/texts/neh-thompson-thompson.txt
neh-heth-heth.xml,  No Author,f,"The Life of Joice Heth, the Nurse of Gen. George Washington, (the Father of Our Country,) Now Living at the Astonishing Age of 161 Years, and Weighs Only 46 Pounds",1835,http://docsouth.unc.edu/neh/heth/menu.html,http://docsouth.unc.edu/full-text/na-slave-narratives/data/texts/neh-heth-heth.txt
neh-henson49-henson49.xml,Josiah  Henson,m,"The Life of Josiah Henson, Formerly a Slave, Now an Inhabitant of Canada, as Narrated by Himself",1849,http://docsouth.unc.edu/neh/henson49/menu.html,http://docsouth.unc.edu/full-text/na-slave-narratives/data/texts/neh-henson49-henson49.txt
neh-mccray-mary.xml,S. J. McCray,f,Life of Mary F. McCray: Born and Raised a Slave in the State of Kentucky,1898,http://docsouth.unc.edu/neh/mccray/menu.html,http://docsouth.unc.edu/full-text/na-slave-narratives/data/texts/neh-mccray-mary.txt
neh-jasper-jasper.xml,Edwin Archer Randolph,m,"The Life of Rev. John Jasper, Pastor of Sixth Mt. Zion Baptist Church, Richmond, Va., from His Birth to the Present Time, with His Theory on the Rotation of the Sun",1884,http://docsouth.unc.edu/neh/jasper/menu.html,http://docsouth.unc.edu/full-text/na-slave-narratives/data/texts/neh-jasper-jasper.txt
neh-andersonr-andersonr.xml,Robert  Anderson,m,"The Life of Rev. Robert Anderson. Born the 22d Day of February, in the Year of Our Lord 1819, and Joined the Methodist Episcopal Church in 1839. This Book Shall Be Called The Young Men's Guide, Or, the Brother in White",1892,http://docsouth.unc.edu/neh/andersonr/menu.html,http://docsouth.unc.edu/full-text/na-slave-narratives/data/texts/neh-andersonr-andersonr.txt
neh-jamesth-jamesth.xml,Thomas  James,m,"Life of Rev. Thomas James, by Himself",1886,http://docsouth.unc.edu/neh/jamesth/menu.html,http://docsouth.unc.edu/full-text/na-slave-narratives/data/texts/neh-jamesth-jamesth.txt
neh-greena-greena.xml,A. R. Green,m,"The Life of the Rev. Dandridge F. Davis, of the African M. E. Church. With a Brief Account of His Conversion and Ministerial Labors, from August 1834, till March 1847. Also, a Brief Sketch of the Life of the Rev. David Conyou, of the A. M. E. C. and His Ministerial Labors. To Which Is Annexed the Funeral Discourse Delivered at the Ohio Conference, in Zanesville, on the Decease of the Rev. D. F. Davis, by the Author",1850,http://docsouth.unc.edu/neh/greena/menu.html,http://docsouth.unc.edu/full-text/na-slave-narratives/data/texts/neh-greena-greena.txt
neh-greenew-greenew.xml,Elisha Winfield Green,m,"Life of the Rev. Elisha W. Green, One of the Founders of the Kentucky Normal and Theological Institute--Now the State University at Louisville; Eleven Years Moderator of the Mt. Zion Baptist Association; Five Years Moderator of the Consolidated Baptist Educational Association and Over Thirty Years Pastor of the Colored Baptist Churches of Maysville and Paris. Written by Himself.",1888,http://docsouth.unc.edu/neh/greenew/menu.html,http://docsouth.unc.edu/full-text/na-slave-narratives/data/texts/neh-greenew-greenew.txt
neh-beardj-beard.xml,J. R. Beard,m,"The Life of Toussaint L'Ouverture, the Negro Patriot of Hayti: Comprising an Account of the Struggle for Liberty in the Island, and a Sketch of Its History to the Present Period",1853,http://docsouth.unc.edu/neh/beardj/menu.html,http://docsouth.unc.edu/full-text/na-slave-narratives/data/texts/neh-beardj-beard.txt
neh-grimes55-grimes55.xml,William  Grimes,m,"Life of William Grimes, the Runaway Slave, Brought Down to the Present Time.",1855,http://docsouth.unc.edu/neh/grimes55/menu.html,http://docsouth.unc.edu/full-text/na-slave-narratives/data/texts/neh-grimes55-grimes55.txt
neh-grimes25-grimes25.xml,William  Grimes,m,"Life of William Grimes, the Runaway Slave. Written by Himself",1825,http://docsouth.unc.edu/neh/grimes25/menu.html,http://docsouth.unc.edu/full-text/na-slave-narratives/data/texts/neh-grimes25-grimes25.txt
neh-lowery-lowery.xml,I. E. Lowery,m,"Life on the Old Plantation in Ante-Bellum Days, or, A Story Based on Facts",1911,http://docsouth.unc.edu/neh/lowery/menu.html,http://docsouth.unc.edu/full-text/na-slave-narratives/data/texts/neh-lowery-lowery.txt
neh-arthur-arthur.xml,  Arthur,m,"The Life, and Dying Speech of Arthur, a Negro Man; Who Was Executed at Worcester, October 10, 1768. For a Rape Committed on the Body of One Deborah Metcalfe",1768,http://docsouth.unc.edu/neh/arthur/menu.html,http://docsouth.unc.edu/full-text/na-slave-narratives/data/texts/neh-arthur-arthur.txt
neh-allen-allen.xml,Richard  Allen,m,"The Life, Experience, and Gospel Labours of the Rt. Rev. Richard Allen. To Which is Annexed the Rise and Progress of the African Methodist Episcopal Church in the United States of America. Containing a Narrative of the Yellow Fever in the Year of Our Lord 1793: With an Address to the People of Colour in the United States",1833,http://docsouth.unc.edu/neh/allen/menu.html,http://docsouth.unc.edu/full-text/na-slave-narratives/data/texts/neh-allen-allen.txt
neh-jeajohn-jeajohn.xml,John  Jea,m,"The Life, History, and Unparalleled Sufferings of John Jea, the African Preacher. Compiled and Written by Himself",1811,http://docsouth.unc.edu/neh/jeajohn/menu.html,http://docsouth.unc.edu/full-text/na-slave-narratives/data/texts/neh-jeajohn-jeajohn.txt
neh-garlick-garlick.xml,Charles A. Garlick,m,"Life, Including His Escape and Struggle for Liberty of Charles A. Garlick, Born a Slave in Old Virginia, Who Secured His Freedom by Running Away from His Master's Farm in 1843.",1902,http://docsouth.unc.edu/neh/garlick/menu.html,http://docsouth.unc.edu/full-text/na-slave-narratives/data/texts/neh-garlick-garlick.txt
neh-lewisjw-lewisjw.xml,John W. Lewis,m,"The Life, Labors, and Travels of Elder Charles Bowles, of the Free Will Baptist Denomination, by Eld. John W. Lewis. Together with an Essay on the Character and Condition of the African Race by the Same. Also, an Essay on the Fugitive Law of the U. S. Congress of 1850, by Rev. Arthur Dearing",1852,http://docsouth.unc.edu/neh/lewisjw/menu.html,http://docsouth.unc.edu/full-text/na-slave-narratives/data/texts/neh-lewisjw-lewisjw.txt
neh-smithste-smithste.xml,Stephen  Smith,m,"Life, Last Words and Dying Speech of Stephen Smith, a Black Man, Who Was Executed at Boston This Day Being Thursday, October 12, 1797 for Burglary",1797,http://docsouth.unc.edu/neh/smithste/menu.html,http://docsouth.unc.edu/full-text/na-slave-narratives/data/texts/neh-smithste-smithste.txt
neh-aaron-aaron.xml,  Aaron,m,The Light and Truth of Slavery. Aaron's History,1845,http://docsouth.unc.edu/neh/aaron/menu.html,http://docsouth.unc.edu/full-text/na-slave-narratives/data/texts/neh-aaron-aaron.txt
neh-peterson-peterson.xml,Daniel H. Peterson,m,"The Looking-Glass: Being a True Report and Narrative of the Life, Travels, and Labors of the Rev. Daniel H. Peterson, a Colored Clergyman; Embracing a Period of Time from the Year 1812 to 1854, and Including His Visit to Western Africa",1854,http://docsouth.unc.edu/neh/peterson/menu.html,http://docsouth.unc.edu/full-text/na-slave-narratives/data/texts/neh-peterson-peterson.txt
neh-wickham-wickham.xml,  E. M. W.,m,"A Lost Family Found; An Authentic Narrative of Cyrus Branch and His Family, Alias John White",1869,http://docsouth.unc.edu/neh/wickham/menu.html,http://docsouth.unc.edu/full-text/na-slave-narratives/data/texts/neh-wickham-wickham.txt
neh-picquet-picquet.xml,Louisa  Picquet,f,"Louisa Picquet, the Octoroon, or, Inside Views of Southern Domestic Life",1861,http://docsouth.unc.edu/neh/picquet/menu.html,http://docsouth.unc.edu/full-text/na-slave-narratives/data/texts/neh-picquet-picquet.txt
neh-hawkins-hawkins.xml,William G. Hawkins,m,"Lunsford Lane; or, Another Helper from North Carolina",1863,http://docsouth.unc.edu/neh/hawkins/menu.html,http://docsouth.unc.edu/full-text/na-slave-narratives/data/texts/neh-hawkins-hawkins.txt
neh-platt-platt.xml,S. H. Platt,m,"The Martyrs, and the Fugitive; or a Narrative of the Captivity, Sufferings, and Death of an African Family, and the Slavery and Escape of Their Son",1859,http://docsouth.unc.edu/neh/platt/menu.html,http://docsouth.unc.edu/full-text/na-slave-narratives/data/texts/neh-platt-platt.txt
neh-wheatley-wheatley.xml,Phillis  Wheatley,f,"Memoir and Poems of Phillis Wheatley, a Native African and a Slave. Dedicated to the Friends of the Africans",1834,http://docsouth.unc.edu/neh/wheatley/menu.html,http://docsouth.unc.edu/full-text/na-slave-narratives/data/texts/neh-wheatley-wheatley.txt
neh-brownrw-brownrw.xml,Rebecca Warren Brown,f,"Memoir of Mrs. Chloe Spear, a Native of Africa, Who was Enslaved in Childhood, and Died in Boston, January 3, 1815...Aged 65 Years. By a Lady of Boston",1832,http://docsouth.unc.edu/neh/brownrw/menu.html,http://docsouth.unc.edu/full-text/na-slave-narratives/data/texts/neh-brownrw-brownrw.txt
neh-eliza1-eliza1.xml,  Elizabeth,f,"Memoir of Old Elizabeth, a Coloured Woman.",1863,http://docsouth.unc.edu/neh/eliza1/menu.html,http://docsouth.unc.edu/full-text/na-slave-narratives/data/texts/neh-eliza1-eliza1.txt
neh-thatcher-thatcher.xml,B. B. Thatcher,f,"Memoir of Phillis Wheatley, a Native African and a Slave",1834,http://docsouth.unc.edu/neh/thatcher/menu.html,http://docsouth.unc.edu/full-text/na-slave-narratives/data/texts/neh-thatcher-thatcher.txt
neh-leehf-leehf.xml,Hannah Farnham Sawyer Lee,f,"Memoir of Pierre Toussaint, Born a Slave in St. Domingo",1854,http://docsouth.unc.edu/neh/leehf/menu.html,http://docsouth.unc.edu/full-text/na-slave-narratives/data/texts/neh-leehf-leehf.txt
neh-allinson-allinson.xml,William J. Allinson,m,"Memoir of Quamino Buccau, a Pious Methodist",1851,http://docsouth.unc.edu/neh/allinson/menu.html,http://docsouth.unc.edu/full-text/na-slave-narratives/data/texts/neh-allinson-allinson.txt
neh-eldridge-eldridge.xml,Frances H. Green,f,Memoirs of Elleanor Eldridge,1838,http://docsouth.unc.edu/neh/eldridge/menu.html,http://docsouth.unc.edu/full-text/na-slave-narratives/data/texts/neh-eldridge-eldridge.txt
neh-levering-levering.xml,Sarah R. Levering,f,"Memoirs of Margaret Jane Blake of Baltimore, Md.: and Selections in Prose and Verse",1897,http://docsouth.unc.edu/neh/levering/menu.html,http://docsouth.unc.edu/full-text/na-slave-narratives/data/texts/neh-levering-levering.txt
neh-clement-clement.xml,Samuel Spottford Clement,m,Memoirs of Samuel Spottford Clement Relating Interesting Experiences in Days of Slavery and Freedom,1908,http://docsouth.unc.edu/neh/clement/menu.html,http://docsouth.unc.edu/full-text/na-slave-narratives/data/texts/neh-clement-clement.txt
neh-norris-norris.xml,Robert  Norris,m,"Memoirs of the Reign of Bossa Ahadee, King of Dahomy, an Inland Country of Guiney. To Which Are Added, the Author's Journey to Abomey, the Capital; and a Short Account of the African Slave Trade",1789,http://docsouth.unc.edu/neh/norris/menu.html,http://docsouth.unc.edu/full-text/na-slave-narratives/data/texts/neh-norris-norris.txt
fpn-burton-burton.xml,Annie L. Burton,f,Memories of Childhood's Slavery Days,1909,http://docsouth.unc.edu/fpn/burton/menu.html,http://docsouth.unc.edu/full-text/na-slave-narratives/data/texts/fpn-burton-burton.txt
neh-simmons-simmons.xml,William J. Simmons,m,"Men of Mark: Eminent, Progressive and Rising",1887,http://docsouth.unc.edu/neh/simmons/menu.html,http://docsouth.unc.edu/full-text/na-slave-narratives/data/texts/neh-simmons-simmons.txt
neh-bragg-bragg.xml,George F. Bragg,m,Men of Maryland,1914,http://docsouth.unc.edu/neh/bragg/menu.html,http://docsouth.unc.edu/full-text/na-slave-narratives/data/texts/neh-bragg-bragg.txt
neh-mitchell-mitchell.xml,Joseph  Mitchell,m,"The Missionary Pioneer, or A Brief Memoir of the Life, Labours, and Death of John Stewart, (Man of Colour,) Founder, under God of the Mission among the Wyandotts at Upper Sandusky, Ohio",1827,http://docsouth.unc.edu/neh/mitchell/menu.html,http://docsouth.unc.edu/full-text/na-slave-narratives/data/texts/neh-mitchell-mitchell.txt
neh-douglass55-douglass55.xml,Frederick  Douglass,m,My Bondage and My Freedom. Part I. Life as a Slave. Part II. Life as a Freeman,1855,http://docsouth.unc.edu/neh/douglass55/menu.html,http://docsouth.unc.edu/full-text/na-slave-narratives/data/texts/neh-douglass55-douglass55.txt
fpn-washeducation-washing.xml,Booker T. Washington,m,My Larger Education: Being Chapters from My Experience,1911,http://docsouth.unc.edu/fpn/washeducation/menu.html,http://docsouth.unc.edu/full-text/na-slave-narratives/data/texts/fpn-washeducation-washing.txt
neh-branham-branham.xml,Levi  Branham,m,My Life and Travels,1929,http://docsouth.unc.edu/neh/branham/menu.html,http://docsouth.unc.edu/full-text/na-slave-narratives/data/texts/neh-branham-branham.txt
neh-walters-walters.xml,Alexander  Walters,m,My Life and Work,1917,http://docsouth.unc.edu/neh/walters/menu.html,http://docsouth.unc.edu/full-text/na-slave-narratives/data/texts/neh-walters-walters.txt
neh-stroyer85-stroyer85.xml,Jacob  Stroyer,m,My Life in the South,1885,http://docsouth.unc.edu/neh/stroyer85/menu.html,http://docsouth.unc.edu/full-text/na-slave-narratives/data/texts/neh-stroyer85-stroyer85.txt
neh-brownsn-brownsn.xml,Sterling N. Brown,m,My Own Life Story,1924,http://docsouth.unc.edu/neh/brownsn/menu.html,http://docsouth.unc.edu/full-text/na-slave-narratives/data/texts/neh-brownsn-brownsn.txt
neh-brown80-brown80.xml,William Wells Brown,m,"My Southern Home: or, The South and Its People",1880,http://docsouth.unc.edu/neh/brown80/menu.html,http://docsouth.unc.edu/full-text/na-slave-narratives/data/texts/neh-brown80-brown80.txt
neh-jacksona-jacksona.xml,Andrew  Jackson,m,"Narrative and Writings of Andrew Jackson, of Kentucky; Containing an Account of His Birth, and Twenty-Six Years of His Life While a Slave; His Escape; Five Years of Freedom, Together with Anecdotes Relating to Slavery; Journal of One Year's Travels; Sketches, etc. Narrated by Himself; Written by a Friend",1847,http://docsouth.unc.edu/neh/jacksona/menu.html,http://docsouth.unc.edu/full-text/na-slave-narratives/data/texts/neh-jacksona-jacksona.txt
neh-griswold-griswold.xml,  No Author,m,"A Narrative of ""Griswold,"" the African Youth, from the Mission School, at Cape Palmas, Who Died in Boston, May 16, 1844",1845,http://docsouth.unc.edu/neh/griswold/menu.html,http://docsouth.unc.edu/full-text/na-slave-narratives/data/texts/neh-griswold-griswold.txt
fpn-veney-veney.xml,Bethany  Veney,f,The Narrative of Bethany Veney: A Slave Woman,1889,http://docsouth.unc.edu/fpn/veney/menu.html,http://docsouth.unc.edu/full-text/na-slave-narratives/data/texts/fpn-veney-veney.txt
neh-cox-cox.xml,Mary L. Cox,f,"Narrative of Dimmock Charlton, a British Subject, Taken from the Brig ""Peacock"" by the U.S. Sloop ""Hornet,"" Enslaved while a Prisoner of War, and Retained Forty-Five Years in Bondage",1859,http://docsouth.unc.edu/neh/cox/menu.html,http://docsouth.unc.edu/full-text/na-slave-narratives/data/texts/neh-cox-cox.txt
neh-greenw-greenw.xml,William  Green,m,"Narrative of Events in the Life of William Green, (Formerly a Slave.) Written by Himself.",1853,http://docsouth.unc.edu/neh/greenw/menu.html,http://docsouth.unc.edu/full-text/na-slave-narratives/data/texts/neh-greenw-greenw.txt
neh-penning-penning.xml,James W. C. Pennington,m,"A Narrative of Events of the Life of J. H. Banks, an Escaped Slave, from the Cotton State, Alabama, in America",1861,http://docsouth.unc.edu/neh/penning/menu.html,http://docsouth.unc.edu/full-text/na-slave-narratives/data/texts/neh-penning-penning.txt
neh-williamsjames-williams.xml,James  Williams,m,"A Narrative of Events Since the First of August, 1834, By James Williams, an Apprenticed Labourer in Jamaica",1837,http://docsouth.unc.edu/neh/williamsjames/menu.html,http://docsouth.unc.edu/full-text/na-slave-narratives/data/texts/neh-williamsjames-williams.txt
neh-boxbrown-boxbrown.xml,Henry Box Brown,m,"Narrative of Henry Box Brown, Who Escaped from Slavery, Enclosed in a Box 3 Feet Long and 2 Wide. Written from a Statement of Facts Made by Himself. With Remarks Upon the Remedy for Slavery. By Charles Stearns",1849,http://docsouth.unc.edu/neh/boxbrown/menu.html,http://docsouth.unc.edu/full-text/na-slave-narratives/data/texts/neh-boxbrown-boxbrown.txt
neh-watson-watson.xml,Henry  Watson,m,"Narrative of Henry Watson, a Fugitive Slave",1848,http://docsouth.unc.edu/neh/watson/menu.html,http://docsouth.unc.edu/full-text/na-slave-narratives/data/texts/neh-watson-watson.txt
neh-curry-curry.xml,James  Curry,m,"Narrative of James Curry, A Fugitive Slave",,http://docsouth.unc.edu/neh/curry/menu.html,http://docsouth.unc.edu/full-text/na-slave-narratives/data/texts/neh-curry-curry.txt
neh-roberts-roberts.xml,James  Roberts,m,"The Narrative of James Roberts, a Soldier Under Gen. Washington in the Revolutionary War, and Under Gen. Jackson at the Battle of New Orleans, in the War of 1812: ""a Battle Which Cost Me a Limb, Some Blood, and Almost My Life""",1858,http://docsouth.unc.edu/neh/roberts/menu.html,http://docsouth.unc.edu/full-text/na-slave-narratives/data/texts/neh-roberts-roberts.txt
fpn-williams-williams.xml,James  Williams,m,"Narrative of James Williams, an American Slave, Who Was for Several Years a Driver on a Cotton Plantation in Alabama",1838,http://docsouth.unc.edu/fpn/williams/menu.html,http://docsouth.unc.edu/full-text/na-slave-narratives/data/texts/fpn-williams-williams.txt
neh-stedman-stedman.xml,John Gabriel Stedman,m,"Narrative of Joanna; An Emancipated Slave, of Surinam. (From Stedman's Narrative of a Five Year's Expedition Against the Revolted Negroes of Surinam)",1838,http://docsouth.unc.edu/neh/stedman/menu.html,http://docsouth.unc.edu/full-text/na-slave-narratives/data/texts/neh-stedman-stedman.txt
neh-lanelunsford-lane.xml,Lunsford  Lane,m,"The Narrative of Lunsford Lane, Formerly of Raleigh, N.C. 
Embracing an Account of His Early Life, the Redemption by 
Purchase of Himself and Family from Slavery, and His Banishment 
from the Place of His Birth for the Crime of Wearing a Colored Skin. 
Published by Himself",1842,http://docsouth.unc.edu/neh/lanelunsford/menu.html,http://docsouth.unc.edu/full-text/na-slave-narratives/data/texts/neh-lanelunsford-lane.txt
neh-upham-upham.xml,T. C. Upham,f,Narrative of Phebe Ann Jacobs,1850,http://docsouth.unc.edu/neh/upham/menu.html,http://docsouth.unc.edu/full-text/na-slave-narratives/data/texts/neh-upham-upham.txt
neh-truth50-truth50.xml,Sojourner  Truth,f,"Narrative of Sojourner Truth, a Northern Slave, Emancipated from Bodily Servitude by the State of New York, in 1828",1850,http://docsouth.unc.edu/neh/truth50/menu.html,http://docsouth.unc.edu/full-text/na-slave-narratives/data/texts/neh-truth50-truth50.txt
neh-truth75-truth75.xml,Sojourner  Truth,f,"Narrative of Sojourner Truth; a Bondswoman of Olden Time, Emancipated by the New York Legislature in the Early Part of the Present Century; with a History of Her Labors and Correspondence, Drawn from Her ""Book of Life""",1875,http://docsouth.unc.edu/neh/truth75/menu.html,http://docsouth.unc.edu/full-text/na-slave-narratives/data/texts/neh-truth75-truth75.txt
neh-truth84-truth84.xml,Sojourner  Truth,f,"Narrative of Sojourner Truth; a Bondswoman of Olden Time, Emancipated by the New York Legislature in the Early Part of the Present Century; with a History of Her Labors and Correspondence Drawn from Her ""Book of Life;"" Also, a Memorial Chapter, Giving the Particulars of Her Last Sickness and Death.",1884,http://docsouth.unc.edu/neh/truth84/menu.html,http://docsouth.unc.edu/full-text/na-slave-narratives/data/texts/neh-truth84-truth84.txt
neh-bayley-bayley.xml,Solomon  Bayley,m,"A Narrative of Some Remarkable Incidents in the Life of Solomon Bayley, Formerly a Slave in the State of Delaware, North America; Written by Himself, and Published for His Benefit; to Which Are Prefixed, a Few Remarks by Robert Hurnard",1825,http://docsouth.unc.edu/neh/bayley/menu.html,http://docsouth.unc.edu/full-text/na-slave-narratives/data/texts/neh-bayley-bayley.txt
neh-roper-roper.xml,Moses  Roper,m,"Narrative of the Adventures and Escape of Moses Roper, from American Slavery. With an Appendix, Containing a List of Places Visited by the Author in Great Britain and Ireland and the British Isles; and Other Matter",1848,http://docsouth.unc.edu/neh/roper/menu.html,http://docsouth.unc.edu/full-text/na-slave-narratives/data/texts/neh-roper-roper.txt
fpn-roper-roper.xml,Moses  Roper,m,"A Narrative of the Adventures and Escape of Moses Roper, from American Slavery",1838,http://docsouth.unc.edu/fpn/roper/menu.html,http://docsouth.unc.edu/full-text/na-slave-narratives/data/texts/fpn-roper-roper.txt
neh-cugoano-cugoano.xml,Ottobah  Cugoano,m,"Narrative of the Enslavement of Ottobah Cugoano, a Native of Africa; Published by Himself in the Year 1787. In ""The Negro's Memorial; or, Abolitionist's Catechism; by an Abolitionist"" (pp. 120-127), by [Fisher, Thomas] 1781?-1836",1825,http://docsouth.unc.edu/neh/cugoano/menu.html,http://docsouth.unc.edu/full-text/na-slave-narratives/data/texts/neh-cugoano-cugoano.txt
neh-bibb-bibb.xml,Henry  Bibb,m,"Narrative of the Life and Adventures of Henry Bibb, an American Slave, Written by Himself",1849,http://docsouth.unc.edu/neh/bibb/menu.html,http://docsouth.unc.edu/full-text/na-slave-narratives/data/texts/neh-bibb-bibb.txt
neh-venture2-venture2.xml,Venture  Smith,m,"A Narrative of the Life and Adventures of Venture, a Native of Africa, but Resident Above Sixty Years in the United States of America. Related by Himself. New London: Printed in 1798. Reprinted A. D. 1835, and Published by a Descendant of Venture. Revised and Republished with Traditions by H. M. Selden, Haddam, Conn., 1896",1897,http://docsouth.unc.edu/neh/venture2/menu.html,http://docsouth.unc.edu/full-text/na-slave-narratives/data/texts/neh-venture2-venture2.txt
neh-venture-venture.xml,Venture  Smith,m,"A Narrative of the Life and Adventures of Venture, a Native of Africa: But Resident above Sixty Years in the United States of America. Related by Himself",1798,http://docsouth.unc.edu/neh/venture/menu.html,http://docsouth.unc.edu/full-text/na-slave-narratives/data/texts/neh-venture-venture.txt
neh-offley-offley.xml,G. W. Offley,m,"A Narrative of the Life and Labors of the Rev. G. W. Offley, a Colored Man, Local Preacher and Missionary; Who Lived Twenty-Seven Years at the South and Twenty-Three at the North; Who Never Went to School a Day in His Life, and Only Commenced to Learn His Letters When Nineteen Years and Eight Months Old; the Emancipation of His Mother and Her Three Children; How He Learned to Read While Living in a Slave State, and Supported Himself from the Time He Was Nine Years Old Until He Was Twenty-One",1859,http://docsouth.unc.edu/neh/offley/menu.html,http://docsouth.unc.edu/full-text/na-slave-narratives/data/texts/neh-offley-offley.txt
neh-douglass-douglass.xml,Frederick  Douglass,m,"Narrative of the Life of Frederick Douglass, an American Slave. Written by Himself",1845,http://docsouth.unc.edu/neh/douglass/menu.html,http://docsouth.unc.edu/full-text/na-slave-narratives/data/texts/neh-douglass-douglass.txt
neh-brownbox-brownbox.xml,Henry Box Brown,m,"Narrative of the Life of Henry Box Brown, Written by Himself",1851,http://docsouth.unc.edu/neh/brownbox/menu.html,http://docsouth.unc.edu/full-text/na-slave-narratives/data/texts/neh-brownbox-brownbox.txt
neh-greenjd-greenjd.xml,J. D. Green,m,"Narrative of the Life of J. D. Green, a Runaway Slave, from Kentucky, Containing an Account of His Three Escapes, in 1839, 1846, and 1848",1864,http://docsouth.unc.edu/neh/greenjd/menu.html,http://docsouth.unc.edu/full-text/na-slave-narratives/data/texts/neh-greenjd-greenjd.txt
neh-watkin52-watkin52.xml,James  Watkins,m,"Narrative of the Life of James Watkins, Formerly a ""Chattel"" in Maryland, U. S.; Containing an Account of His Escape from Slavery, Together with an Appeal on Behalf of Three Millions of Such ""Pieces of Property,"" Still Held Under the Standard of the Eagle",1852,http://docsouth.unc.edu/neh/watkin52/menu.html,http://docsouth.unc.edu/full-text/na-slave-narratives/data/texts/neh-watkin52-watkin52.txt
neh-adams-adams.xml,John Quincy Adams,m,"Narrative of the Life of John Quincy Adams, When in Slavery, and Now as a Freeman",1872,http://docsouth.unc.edu/neh/adams/menu.html,http://docsouth.unc.edu/full-text/na-slave-narratives/data/texts/neh-adams-adams.txt
fpn-grandy-grandy.xml,Moses  Grandy,m,"Narrative of the Life of Moses Grandy, Late a Slave in the United States of America",1843,http://docsouth.unc.edu/fpn/grandy/menu.html,http://docsouth.unc.edu/full-text/na-slave-narratives/data/texts/fpn-grandy-grandy.txt
neh-davisn-davis.xml,Noah  Davis,m,"A Narrative of the Life of Rev. Noah Davis, a Colored Man. Written by Himself, at the Age of Fifty-Four",1859,http://docsouth.unc.edu/neh/davisn/menu.html,http://docsouth.unc.edu/full-text/na-slave-narratives/data/texts/neh-davisn-davis.txt
neh-hopper-hopper.xml,Isaac T. Hopper,m,Narrative of the Life of Thomas Cooper,1832,http://docsouth.unc.edu/neh/hopper/menu.html,http://docsouth.unc.edu/full-text/na-slave-narratives/data/texts/neh-hopper-hopper.txt
neh-gronniosaw-gronnios.xml,James Albert Ukawsaw Gronniosaw,m,"A Narrative of the Most Remarkable Particulars in the Life of James Albert Ukawsaw Gronniosaw, an African Prince, as Related by Himself",1770,http://docsouth.unc.edu/neh/gronniosaw/menu.html,http://docsouth.unc.edu/full-text/na-slave-narratives/data/texts/neh-gronniosaw-gronnios.txt
neh-pendleton-pendle.xml,Leila Amos Pendleton,f,A Narrative of the Negro,1912,http://docsouth.unc.edu/neh/pendleton/menu.html,http://docsouth.unc.edu/full-text/na-slave-narratives/data/texts/neh-pendleton-pendle.txt
neh-clarke-clarke.xml,Lewis Garrard Clarke,m,"Narrative of the Sufferings of Lewis Clarke, During a Captivity of More than Twenty-Five Years, Among the Algerines of Kentucky, One of the So Called Christian States of North America",1845,http://docsouth.unc.edu/neh/clarke/menu.html,http://docsouth.unc.edu/full-text/na-slave-narratives/data/texts/neh-clarke-clarke.txt
neh-hammon-hammon.xml,Briton  Hammon,m,"A Narrative of the Uncommon Sufferings, and Surprizing Deliverance of Briton Hammon, a Negro Man,--Servant to General Winslow, of Marshfield, in New-England; Who Returned to Boston, After Having Been Absent Almost Thirteen Years. Containing an Account of the Many Hardships He Underwent from the Time He Left His Master's House, in the Year 1747, to the Time of His Return to Boston.--How He Was Cast Away in the Capes of Florida;---The Horrid Cruelty and Inhuman Barbarity of the Indians in Murdering the Whole Ship's Crew;---The Manner of His Being Carry'd by Them Into Captivity. Also, an Account of His Being Confined Four Years and Seven Months in a Close Dungeon,---and the Remarkable Manner in Which He Met with His Good Old Master in London; Who Returned to New-England, a Passenger in the Same Ship",1760,http://docsouth.unc.edu/neh/hammon/menu.html,http://docsouth.unc.edu/full-text/na-slave-narratives/data/texts/neh-hammon-hammon.txt
neh-smallwood-smallwood.xml,Thomas  Smallwood,m,"A Narrative of Thomas Smallwood, (Coloured Man:) Giving an Account of His Birth--The Period He Was Held in Slavery--His Release--and Removal to Canada, etc. Together With an Account of the Underground Railroad. Written by Himself",1851,http://docsouth.unc.edu/neh/smallwood/menu.html,http://docsouth.unc.edu/full-text/na-slave-narratives/data/texts/neh-smallwood-smallwood.txt
neh-hayden-hayden.xml,William  Hayden,m,"Narrative of William Hayden, Containing a Faithful Account of His Travels for a Number of Years, Whilst a Slave, in the South. Written by Himself",1846,http://docsouth.unc.edu/neh/hayden/menu.html,http://docsouth.unc.edu/full-text/na-slave-narratives/data/texts/neh-hayden-hayden.txt
neh-brown47-brown47.xml,William Wells Brown,m,"Narrative of William W. Brown, a Fugitive Slave. Written by Himself",1847,http://docsouth.unc.edu/neh/brown47/menu.html,http://docsouth.unc.edu/full-text/na-slave-narratives/data/texts/neh-brown47-brown47.txt
fpn-brownw-brown.xml,William Wells Brown,m,"Narrative of William W. Brown, an American Slave. Written by Himself",1849,http://docsouth.unc.edu/fpn/brownw/menu.html,http://docsouth.unc.edu/full-text/na-slave-narratives/data/texts/fpn-brownw-brown.txt
neh-mott-mott.xml,Abigail  Mott,f,Narratives of Colored Americans,1875,http://docsouth.unc.edu/neh/mott/menu.html,http://docsouth.unc.edu/full-text/na-slave-narratives/data/texts/neh-mott-mott.txt
neh-clarkes-clarkes.xml,Lewis Garrard Clarke,m,"Narratives of the Sufferings of Lewis and Milton Clarke, Sons of a Soldier of the Revolution, During a Captivity of More than Twenty Years Among the Slaveholders of Kentucky, One of the So-Called Christian States of North America",1846,http://docsouth.unc.edu/neh/clarkes/menu.html,http://docsouth.unc.edu/full-text/na-slave-narratives/data/texts/neh-clarkes-clarkes.txt
neh-richmond-richmond.xml,Legh  Richmond,m,"The Negro Servant in ""Annals of the Poor. Containing The Dairyman's Daughter, (with considerable additions) The Negro Servant, and the Young Cottager.""",1815,http://docsouth.unc.edu/neh/richmond/menu.html,http://docsouth.unc.edu/full-text/na-slave-narratives/data/texts/neh-richmond-richmond.txt
neh-warner-warner.xml,Ashton  Warner,m,"Negro Slavery Described by a Negro: Being the Narrative of Ashton Warner, a Native of St. Vincent's. With an Appendix Containing the Testimony of Four Christian Ministers, Recently Returned from the Colonies, on the System of Slavery as It Now Exists",1831,http://docsouth.unc.edu/neh/warner/menu.html,http://docsouth.unc.edu/full-text/na-slave-narratives/data/texts/neh-warner-warner.txt
fpn-bruce-bruce.xml,Henry Clay Bruce,m,"The New Man: Twenty-Nine Years a Slave,Twenty-Nine Years a Free Man",1895,http://docsouth.unc.edu/fpn/bruce/menu.html,http://docsouth.unc.edu/full-text/na-slave-narratives/data/texts/fpn-bruce-bruce.txt
neh-drew-drew.xml,Benjamin  Drew,m,"A North-Side View of Slavery. The Refugee: or the Narratives of Fugitive Slaves in Canada. Related by Themselves, with an Account of the History and Condition of the Colored Population of Upper Canada",1856,http://docsouth.unc.edu/neh/drew/menu.html,http://docsouth.unc.edu/full-text/na-slave-narratives/data/texts/neh-drew-drew.txt
neh-holley-holley.xml,J. W. Holley,m,The Old Faithful Servant: Life History of J.W. Holley: Born and Reared a Slave: After Freedom Became a Worker in the Master's Vineyard,1924,http://docsouth.unc.edu/neh/holley/menu.html,http://docsouth.unc.edu/full-text/na-slave-narratives/data/texts/neh-holley-holley.txt
neh-mallory-mallory.xml,W.  Mallory,m,Old Plantation Days,1902,http://docsouth.unc.edu/neh/mallory/menu.html,http://docsouth.unc.edu/full-text/na-slave-narratives/data/texts/neh-mallory-mallory.txt
neh-lewisj-lewisj.xml,J. Vance Lewis,m,Out of the Ditch.  A True Story of an Ex-Slave,1910,http://docsouth.unc.edu/neh/lewisj/menu.html,http://docsouth.unc.edu/full-text/na-slave-narratives/data/texts/neh-lewisj-lewisj.txt
neh-fleming-fleming.xml,Walter L. Fleming,m,"""Pap"" Singleton, The Moses of the Colored Exodus",1909,http://docsouth.unc.edu/neh/fleming/menu.html,http://docsouth.unc.edu/full-text/na-slave-narratives/data/texts/neh-fleming-fleming.txt
neh-jeter-jeter.xml,Henry N. Jeter,m,"Pastor Henry N. Jeter's Twenty-five Years Experience with the Shiloh Baptist Church and Her History. Corner School and Mary Streets, Newport, R. I.",1901,http://docsouth.unc.edu/neh/jeter/menu.html,http://docsouth.unc.edu/full-text/na-slave-narratives/data/texts/neh-jeter-jeter.txt
neh-long-long.xml,John Dixon Long,m,"Pictures of Slavery in Church and State; Including Personal Reminiscences, Biographical Sketches, Anecdotes, etc. etc.  with an Appendix, Containing the Views of John Wesley and Richard Watson on Slavery",1857,http://docsouth.unc.edu/neh/long/menu.html,http://docsouth.unc.edu/full-text/na-slave-narratives/data/texts/neh-long-long.txt
neh-manzano-manzano.xml,Juan Francisco Manzano,m,"Poems by a Slave in the Island of Cuba, Recently Liberated; Translated from the Spanish, by R. R. Madden, M.D. With the History of the Early Life of the Negro Poet, Written by Himself; to Which Are Prefixed Two Pieces Descriptive of Cuban Slavery and the Slave-Traffic, by R. R. M.",1840,http://docsouth.unc.edu/neh/manzano/menu.html,http://docsouth.unc.edu/full-text/na-slave-narratives/data/texts/neh-manzano-manzano.txt
fpn-hortonpoem-hortonpoem.xml,George Moses Horton,m,"The Poetical Works of George M. Horton: The Colored Bard of North Carolina: To Which is Prefixed the Life of the Author, Written by Himself",1845,http://docsouth.unc.edu/fpn/hortonpoem/menu.html,http://docsouth.unc.edu/full-text/na-slave-narratives/data/texts/fpn-hortonpoem-hortonpoem.txt
neh-bruceje-bruceje.xml,John Edward Bruce,m,"Prince Hall, the Pioneer of Negro Masonry. Proofs of the Legitimacy of Prince Hall Masonry",1921,http://docsouth.unc.edu/neh/bruceje/menu.html,http://docsouth.unc.edu/full-text/na-slave-narratives/data/texts/neh-bruceje-bruceje.txt
neh-singleton-singleton.xml,William Henry Singleton,m,Recollections of My Slavery Days,1922,http://docsouth.unc.edu/neh/singleton/menu.html,http://docsouth.unc.edu/full-text/na-slave-narratives/data/texts/neh-singleton-singleton.txt
neh-runaway-runaway.xml,  No Author,m,Recollections of Slavery by a Runaway Slave,1838,http://docsouth.unc.edu/neh/runaway/menu.html,http://docsouth.unc.edu/full-text/na-slave-narratives/data/texts/neh-runaway-runaway.txt
neh-parker-parker.xml,Allen  Parker,m,Recollections of Slavery Times,1895,http://docsouth.unc.edu/neh/parker/menu.html,http://docsouth.unc.edu/full-text/na-slave-narratives/data/texts/neh-parker-parker.txt
neh-straker-straker.xml,D. Augustus Straker,m,"Reflections on the Life and Times of Toussaint L'Overture, the Negro Haytien, Commander-in-Chief of the Army, Ruler under the Dominion of France, and Author of The Independence of Hayti",1886,http://docsouth.unc.edu/neh/straker/menu.html,http://docsouth.unc.edu/full-text/na-slave-narratives/data/texts/neh-straker-straker.txt
neh-capehart-capehart.xml,L. C. Capehart,m,"Reminiscences of Isaac and Sukey, Slaves of B. F. Moore, of Raleigh, N.C.",1907,http://docsouth.unc.edu/neh/capehart/menu.html,http://docsouth.unc.edu/full-text/na-slave-narratives/data/texts/neh-capehart-capehart.txt
neh-taylorsu-taylorsu.xml,Susie King Taylor,f,Reminiscences of My Life in Camp with the 33d United States Colored Troops Late 1st S. C. Volunteers,1902,http://docsouth.unc.edu/neh/taylorsu/menu.html,http://docsouth.unc.edu/full-text/na-slave-narratives/data/texts/neh-taylorsu-taylorsu.txt
neh-jacksonc-jackson.xml,Fanny Jackson Coppin,f,"Reminiscences of School Life, and Hints on Teaching",1913,http://docsouth.unc.edu/neh/jacksonc/menu.html,http://docsouth.unc.edu/full-text/na-slave-narratives/data/texts/neh-jacksonc-jackson.txt
neh-captain-captain.xml,Charles  Stuart,m,Reuben Maddison: A True Story,1835,http://docsouth.unc.edu/neh/captain/menu.html,http://docsouth.unc.edu/full-text/na-slave-narratives/data/texts/neh-captain-captain.txt
neh-loguen-loguen.xml,J. W. Loguen,m,"The Rev. J. W. Loguen, as a Slave and as a Freeman. A Narrative of Real Life",1859,http://docsouth.unc.edu/neh/loguen/menu.html,http://docsouth.unc.edu/full-text/na-slave-narratives/data/texts/neh-loguen-loguen.txt
neh-bragg1915-bragg1915.xml,George F. Bragg,m,"Richard Allen and Absalom Jones, by the Rev. George F. Bragg, in Honor of the Centennial of the African Methodist Episcopal Church, Which Occurs in the Year 1916",1915,http://docsouth.unc.edu/neh/bragg1915/menu.html,http://docsouth.unc.edu/full-text/na-slave-narratives/data/texts/neh-bragg1915-bragg1915.txt
neh-royal-royal.xml,  No Author,m,"The Royal African: or, Memoirs of the Young Prince of Annamaboe. Comprehending a Distinct Account of His Country and Family; His Elder Brother's Voyage to France, and Reception there; the Manner in Which Himself Was Confided by His Father to the Captain Who Sold Him; His Condition While a Slave in Barbadoes; the True Cause of His Bring Redeemed; His Voyage from Thence; and Reception Here in England. Interspers'd Throughout with Several Historical Remarks on the Commerce of the European Nations, Whose Subjects Frequent the Coast of Guinea. To which is Prefixed a Letter from the Author to a Person of Distinction, in Reference to Some Natural Curiosities in Africa; as Well as Explaining the Motives which Induced Him to Compose These Memoirs.",1750,http://docsouth.unc.edu/neh/royal/menu.html,http://docsouth.unc.edu/full-text/na-slave-narratives/data/texts/neh-royal-royal.txt
neh-craft-craft.xml,William  Craft,m,"Running a Thousand Miles for Freedom; or, the Escape of William and Ellen Craft from Slavery",1860,http://docsouth.unc.edu/neh/craft/menu.html,http://docsouth.unc.edu/full-text/na-slave-narratives/data/texts/neh-craft-craft.txt
neh-hall-hall.xml,Samuel  Hall,m,"Samuel Hall, 47 Years a Slave; A Brief Story of His Life Before and After Freedom Came to Him",1912,http://docsouth.unc.edu/neh/hall/menu.html,http://docsouth.unc.edu/full-text/na-slave-narratives/data/texts/neh-hall-hall.txt
neh-maysamuel-maysamuel.xml,  No Author,m,"Samuel Joseph May. Born in Boston, Massachusetts, September 12th, 1797. Died in Syracuse, New York, July 1st, 1871",1871,http://docsouth.unc.edu/neh/maysamuel/menu.html,http://docsouth.unc.edu/full-text/na-slave-narratives/data/texts/neh-maysamuel-maysamuel.txt
neh-bradford-bradford.xml,Sarah H. Bradford,f,Scenes in the Life of Harriet Tubman,1869,http://docsouth.unc.edu/neh/bradford/menu.html,http://docsouth.unc.edu/full-text/na-slave-narratives/data/texts/neh-bradford-bradford.txt
neh-suggs-suggs.xml,Eliza  Suggs,f,Shadow and Sunshine,1906,http://docsouth.unc.edu/neh/suggs/menu.html,http://docsouth.unc.edu/full-text/na-slave-narratives/data/texts/neh-suggs-suggs.txt
neh-mcpherson-mcpherson.xml,Christopher  McPherson,m,"A Short History of the Life of Christopher McPherson, Alias Pherson, Son of Christ, King of Kings and Lord of Lords. Containing a Collection of Certificates, Letters, &amp;c. Written by Himself",1855,http://docsouth.unc.edu/neh/mcpherson/menu.html,http://docsouth.unc.edu/full-text/na-slave-narratives/data/texts/neh-mcpherson-mcpherson.txt
neh-franklin-franklin.xml,  No Author,m,A Sketch of Henry Franklin and Family.,1887,http://docsouth.unc.edu/neh/franklin/menu.html,http://docsouth.unc.edu/full-text/na-slave-narratives/data/texts/neh-franklin-franklin.txt
neh-charlton-charlton.xml,Lewis  Charlton,m,"Sketch of the Life of Mr. Lewis Charlton, and Reminiscences of Slavery",,http://docsouth.unc.edu/neh/charlton/menu.html,http://docsouth.unc.edu/full-text/na-slave-narratives/data/texts/neh-charlton-charlton.txt
neh-tubbee-tubbee.xml,Okah  Tubbee,m,"A Sketch of the Life of Okah Tubbee, (Called) William Chubbee, Son of the Head Chief, Mosholeh Tubbee, of the Choctaw Nation of Indians",1852,http://docsouth.unc.edu/neh/tubbee/menu.html,http://docsouth.unc.edu/full-text/na-slave-narratives/data/texts/neh-tubbee-tubbee.txt
neh-gurley-gurley.xml,Ralph Randolph Gurley,m,"Sketch of the Life of the Rev. Lott Cary in ""Life of Jehudi Ashmun, Late Colonial Agent in Liberia.  With An Appendix, Containing Extracts from his Journal and Other Writings; With a Brief Sketch of the Life of the Rev. Lott Cary""",1835,http://docsouth.unc.edu/neh/gurley/menu.html,http://docsouth.unc.edu/full-text/na-slave-narratives/data/texts/neh-gurley-gurley.txt
neh-bethune-bethune.xml,  No Author,m,A Sketch of the Life of Thomas Greene Bethune (Blind Tom),1865,http://docsouth.unc.edu/neh/bethune/menu.html,http://docsouth.unc.edu/full-text/na-slave-narratives/data/texts/neh-bethune-bethune.txt
neh-stroyer-stroyer.xml,Jacob  Stroyer,m,Sketches of My Life in the South. Part I,1879,http://docsouth.unc.edu/neh/stroyer/menu.html,http://docsouth.unc.edu/full-text/na-slave-narratives/data/texts/neh-stroyer-stroyer.txt
neh-randol55-randol55.xml,Peter  Randolph,m,"Sketches of Slave Life: Or, Illustrations of the ""Peculiar Institution"" ",1855,http://docsouth.unc.edu/neh/randol55/menu.html,http://docsouth.unc.edu/full-text/na-slave-narratives/data/texts/neh-randol55-randol55.txt
neh-thompson1-thompson.xml,Mary W. Thompson,f,"Sketches of the History, Character, and Dying Testimony, of Beneficiaries of the Colored Home, in the City of New-York",1851,http://docsouth.unc.edu/neh/thompson1/menu.html,http://docsouth.unc.edu/full-text/na-slave-narratives/data/texts/neh-thompson1-thompson.txt
neh-mountain-mountain.xml,Joseph  Mountain,m,"Sketches of the Life of Joseph Mountain, a Negro, Who Was Executed at New-Haven, on the 20th Day of October, 1790, for a Rape, Committed on the 26th Day of May Last. [The Writer of This History Has Directed That the Money Arising From the Sales Thereof, After Deducting the Expence of Printing, &amp;c. Be Given to the Unhappy Girl, Whose Life Is Rendered Wretched by the Crime of the Malefactor.]",1790,http://docsouth.unc.edu/neh/mountain/menu.html,http://docsouth.unc.edu/full-text/na-slave-narratives/data/texts/neh-mountain-mountain.txt
neh-drumgoold-drumgoold.xml,Kate  Drumgoold,f,A Slave Girl's Story. Being an Autobiography of Kate Drumgoold,1898,http://docsouth.unc.edu/neh/drumgoold/menu.html,http://docsouth.unc.edu/full-text/na-slave-narratives/data/texts/neh-drumgoold-drumgoold.txt
neh-jbrown-jbrown.xml,John  Brown,m,"Slave Life in Georgia: A Narrative of the Life, Sufferings, and Escape of John Brown, a Fugitive Slave, Now in England",1855,http://docsouth.unc.edu/neh/jbrown/menu.html,http://docsouth.unc.edu/full-text/na-slave-narratives/data/texts/neh-jbrown-jbrown.txt
neh-fedric-fedric.xml,Francis  Fedric,m,"Slave Life in Virginia and Kentucky; or, Fifty Years of Slavery in the Southern States of America",1863,http://docsouth.unc.edu/neh/fedric/menu.html,http://docsouth.unc.edu/full-text/na-slave-narratives/data/texts/neh-fedric-fedric.txt
neh-moore1-moore1.xml,Richard  Hildreth,m,The Slave: or Memoirs of Archy Moore. Vol. I,1836,http://docsouth.unc.edu/neh/moore1/menu.html,http://docsouth.unc.edu/full-text/na-slave-narratives/data/texts/neh-moore1-moore1.txt
neh-moore2-moore2.xml,Richard  Hildreth,m,The Slave: or Memoirs of Archy Moore. Vol. II,1836,http://docsouth.unc.edu/neh/moore2/menu.html,http://docsouth.unc.edu/full-text/na-slave-narratives/data/texts/neh-moore2-moore2.txt
neh-bruner-bruner.xml,Peter  Bruner,m,"A Slave's Adventures Toward Freedom. Not Fiction, but the True Story of a Struggle",1918,http://docsouth.unc.edu/neh/bruner/menu.html,http://docsouth.unc.edu/full-text/na-slave-narratives/data/texts/neh-bruner-bruner.txt
neh-johnson-johnson.xml,Isaac  Johnson,m,Slavery Days in Old Kentucky. A True Story of a Father Who Sold His Wife and Four Children. By One of the Children,1901,http://docsouth.unc.edu/neh/johnson/menu.html,http://docsouth.unc.edu/full-text/na-slave-narratives/data/texts/neh-johnson-johnson.txt
neh-slaveryillus-slaveryillus.xml,  No Author,m,"Slavery Illustrated, in the Histories of Zangara and Maquama, Two Negroes Stolen From Africa and Sold Into Slavery. Related by Themselves",1849,http://docsouth.unc.edu/neh/slaveryillus/menu.html,http://docsouth.unc.edu/full-text/na-slave-narratives/data/texts/neh-slaveryillus-slaveryillus.txt
neh-ballslavery-ball.xml,Charles  Ball,m,"Slavery in the United States: A Narrative of the Life and Adventures of Charles Ball, a Black Man, Who Lived Forty Years in Maryland, South Carolina and Georgia, as a Slave Under Various Masters, and was One Year in the Navy with Commodore Barney, During the Late War",1837,http://docsouth.unc.edu/neh/ballslavery/menu.html,http://docsouth.unc.edu/full-text/na-slave-narratives/data/texts/neh-ballslavery-ball.txt
neh-bluett-bluett.xml,Thomas  Bluett,m,"Some Memoirs of the Life of Job, the Son of Solomon, the High Priest of Boonda in Africa; Who was a Slave About Two Years in Maryland; and Afterwards Being Brought to England, was Set Free, and Sent to His Native Land in the Year 1734",1734,http://docsouth.unc.edu/neh/bluett/menu.html,http://docsouth.unc.edu/full-text/na-slave-narratives/data/texts/neh-bluett-bluett.txt
neh-gallaudet-gallaudet.xml,T. H. Gallaudet,m,"A Statement with Regard to the Moorish Prince, Abduhl Rahhahman",1828,http://docsouth.unc.edu/neh/gallaudet/menu.html,http://docsouth.unc.edu/full-text/na-slave-narratives/data/texts/neh-gallaudet-gallaudet.txt
neh-story-story.xml,  No Author,m,The Story of a Slave. A Realistic Revelation of a Social Relation of Slave Times--Hitherto Unwritten--From the Pen of One Who Has Felt Both the Lash and the Caress of a Mistress,1894,http://docsouth.unc.edu/neh/story/menu.html,http://docsouth.unc.edu/full-text/na-slave-narratives/data/texts/neh-story-story.txt
neh-eliot-eliot.xml,William Greenleaf Eliot,m,"The Story of Archer Alexander: From Slavery to Freedom, March 30, 1863",1885,http://docsouth.unc.edu/neh/eliot/menu.html,http://docsouth.unc.edu/full-text/na-slave-narratives/data/texts/neh-eliot-eliot.txt
neh-jacksonm-jackson.xml,Mattie J. Jackson,f,"The Story of Mattie J. Jackson: Her Parentage, Experience of Eighteen Years in Slavery, Incidents During the War, Her Escape from Slavery: A True Story",1866,http://docsouth.unc.edu/neh/jacksonm/menu.html,http://docsouth.unc.edu/full-text/na-slave-narratives/data/texts/neh-jacksonm-jackson.txt
neh-twelvetr-twelvetr.xml,Harper  Twelvetrees,m,"The Story of the Life of John Anderson, the Fugitive Slave",1863,http://docsouth.unc.edu/neh/twelvetr/menu.html,http://docsouth.unc.edu/full-text/na-slave-narratives/data/texts/neh-twelvetr-twelvetr.txt
neh-watkins-watkins.xml,James  Watkins,m,"Struggles for Freedom; or The Life of James Watkins, Formerly a Slave in Maryland, U. S.; in Which is Detailed a Graphic Account of His Extraordinary Escape from Slavery, Notices of the Fugitive Slave Law, the Sentiments of American Divines on the Subject of Slavery, etc., etc.",1860,http://docsouth.unc.edu/neh/watkins/menu.html,http://docsouth.unc.edu/full-text/na-slave-narratives/data/texts/neh-watkins-watkins.txt
neh-iwilliams-iwilliams.xml,Isaac D. Williams,m,"Sunshine and Shadow of Slave Life. Reminiscences as told by Isaac D. Williams to ""Tege""",1885,http://docsouth.unc.edu/neh/iwilliams/menu.html,http://docsouth.unc.edu/full-text/na-slave-narratives/data/texts/neh-iwilliams-iwilliams.txt
fpn-hughes-hughes.xml,Louis  Hughes,m,Thirty Years a Slave: From Bondage to Freedom: The Institution of Slavery as Seen on the Plantation and in the Home of the Planter,1897,http://docsouth.unc.edu/fpn/hughes/menu.html,http://docsouth.unc.edu/full-text/na-slave-narratives/data/texts/fpn-hughes-hughes.txt
neh-brown52-brown52.xml,William Wells Brown,m,"Three Years in Europe: Or, Places I Have Seen and People I Have Met",1852,http://docsouth.unc.edu/neh/brown52/menu.html,http://docsouth.unc.edu/full-text/na-slave-narratives/data/texts/neh-brown52-brown52.txt
neh-detroit-detroit.xml,  No Author,m,"A Thrilling Narrative from the Lips of the Sufferers of the Late Detroit Riot, March 6, 1863, With the Hair Breadth Escapes of Men, Women and Children, and Destruction of Colored Men's Property, Not Less Than $15,000.",1863,http://docsouth.unc.edu/neh/detroit/menu.html,http://docsouth.unc.edu/full-text/na-slave-narratives/data/texts/neh-detroit-detroit.txt
neh-tubbee1848-tubbee1848.xml,Okah  Tubbee,m,"A Thrilling Sketch of the Life of the Distinguished Chief Okah Tubbee Alias, Wm. Chubbee, Son of the Head Chief, Mosholeh Tubbee, of the Choctaw Nation of Indians",1848,http://docsouth.unc.edu/neh/tubbee1848/menu.html,http://docsouth.unc.edu/full-text/na-slave-narratives/data/texts/neh-tubbee1848-tubbee1848.txt
neh-beard63-beard63.xml,J. R. Beard,m,Toussaint L'Ouverture: A Biography and Autobiography,1863,http://docsouth.unc.edu/neh/beard63/menu.html,http://docsouth.unc.edu/full-text/na-slave-narratives/data/texts/neh-beard63-beard63.txt
neh-henderson-henderson.xml,Madison  Henderson,m,"Trials and Confessions of Madison Henderson, Alias Blanchard, Alfred Amos Warrick, James W. Seward, and Charles Brown, Murderers of Jesse Baker and Jacob Weaver, as Given by Themselves; and a Likeness of Each, Taken in Jail Shortly after Their Arrest",1841,http://docsouth.unc.edu/neh/henderson/menu.html,http://docsouth.unc.edu/full-text/na-slave-narratives/data/texts/neh-henderson-henderson.txt
neh-armistead-armistead.xml,Wilson  Armistead,m,"A Tribute for the Negro: Being a Vindication of the Moral, Intellectual, and Religious Capabilities of the Colored Portion of Mankind; with Particular Reference to the African Race",1848,http://docsouth.unc.edu/neh/armistead/menu.html,http://docsouth.unc.edu/full-text/na-slave-narratives/data/texts/neh-armistead-armistead.txt
neh-twain-twain.xml,Mark  Twain,m,"A True Story, Repeated Word for Word As I Heard It. From The Atlantic Monthly. Nov. 1874: 591-594",1874,http://docsouth.unc.edu/neh/twain/menu.html,http://docsouth.unc.edu/full-text/na-slave-narratives/data/texts/neh-twain-twain.txt
neh-jjacobs-jjacobs.xml,John S. Jacobs,m,"A True Tale of Slavery. From The Leisure Hour: A Family Journal of Instruction and Recreation, February 7, 14, 21, 28, 1861",1861,http://docsouth.unc.edu/neh/jjacobs/menu.html,http://docsouth.unc.edu/full-text/na-slave-narratives/data/texts/neh-jjacobs-jjacobs.txt
neh-henson58-henson58.xml,Josiah  Henson,m,Truth Stranger Than Fiction. Father Henson's Story of His Own Life,1858,http://docsouth.unc.edu/neh/henson58/menu.html,http://docsouth.unc.edu/full-text/na-slave-narratives/data/texts/neh-henson58-henson58.txt
fpn-northup-northup.xml,Solomon  Northup,m,"Twelve Years a Slave: Narrative of Solomon Northup, a Citizen of New-York, Kidnapped in Washington City in 1841, and Rescued in 1853",1853,http://docsouth.unc.edu/fpn/northup/menu.html,http://docsouth.unc.edu/full-text/na-slave-narratives/data/texts/fpn-northup-northup.txt
neh-johnson1-johnson.xml,Thomas L. Johnson,m,"Twenty-Eight Years a Slave, or The Story of My Life in Three Continents",1909,http://docsouth.unc.edu/neh/johnson1/menu.html,http://docsouth.unc.edu/full-text/na-slave-narratives/data/texts/neh-johnson1-johnson.txt
fpn-steward-steward.xml,Austin  Steward,m,"Twenty-Two Years a Slave, and Forty Years a Freeman; Embracing a Correspondence of Several Years, While President of Wilberforce Colony, London, Canada West",1857,http://docsouth.unc.edu/fpn/steward/menu.html,http://docsouth.unc.edu/full-text/na-slave-narratives/data/texts/fpn-steward-steward.txt
neh-rayemma-rayemma.xml,Emma J. Ray,f,"Twice Sold, Twice Ransomed: Autobiography of Mr. and Mrs. L. P. Ray",1926,http://docsouth.unc.edu/neh/rayemma/menu.html,http://docsouth.unc.edu/full-text/na-slave-narratives/data/texts/neh-rayemma-rayemma.txt
neh-foster-foster.xml,Gustavus L. Foster,m,"Uncle Johnson, the Pilgrim of Six Score Years",1865,http://docsouth.unc.edu/neh/foster/menu.html,http://docsouth.unc.edu/full-text/na-slave-narratives/data/texts/neh-foster-foster.txt
neh-edwardsj-edwardsj.xml,John Passmore Edwards,m,"Uncle Tom's Companions: Or, Facts Stranger Than Fiction.  A Supplement to Uncle Tom's Cabin: Being Startling Incidents in the Lives of Celebrated Fugitive Slaves.",1852,http://docsouth.unc.edu/neh/edwardsj/menu.html,http://docsouth.unc.edu/full-text/na-slave-narratives/data/texts/neh-edwardsj-edwardsj.txt
neh-henson-henson.xml,Josiah  Henson,m,"Uncle Tom's Story of His Life. An Autobiography of the Rev. Josiah Henson (Mrs. Harriet Beecher Stowe's ""Uncle Tom""). From 1789 to 1876. With a Preface by Mrs. Harriet Beecher Stowe, and an Introductory Note by George Sturge, and S. Morley, Esq., M. P.",1876,http://docsouth.unc.edu/neh/henson/menu.html,http://docsouth.unc.edu/full-text/na-slave-narratives/data/texts/neh-henson-henson.txt
fpn-washington-washing.xml,Booker T. Washington,m,Up from Slavery: An Autobiography,1901,http://docsouth.unc.edu/fpn/washington/menu.html,http://docsouth.unc.edu/full-text/na-slave-narratives/data/texts/fpn-washington-washing.txt
fpn-burtont-burton.xml,Thomas William Burton,m,What Experience Has Taught Me: An Autobiography of Thomas William Burton,1910,http://docsouth.unc.edu/fpn/burtont/menu.html,http://docsouth.unc.edu/full-text/na-slave-narratives/data/texts/fpn-burtont-burton.txt
neh-hildreth-hildreth.xml,Richard  Hildreth,m,"The White Slave; or, Memoirs of a Fugitive",1852,http://docsouth.unc.edu/neh/hildreth/menu.html,http://docsouth.unc.edu/full-text/na-slave-narratives/data/texts/neh-hildreth-hildreth.txt
neh-wilkerson-wilkerson.xml,Major James Wilkerson,m,"Wilkerson's History of His Travels &amp; Labors, in the United States, As a Missionary, in Particular, That of the Union Seminary, Located in Franklin Co., Ohio, Since He Purchased His Liberty in New Orleans, La. &amp;c.",1861,http://docsouth.unc.edu/neh/wilkerson/menu.html,http://docsouth.unc.edu/full-text/na-slave-narratives/data/texts/neh-wilkerson-wilkerson.txt
